{"xs_std": 0.10636935283570527, "ys_std": 0.12541803013116362, "xs_std_err": 0.0013446422973170252, "ys_std_err": 0.0016015626509282965, "xs_std_ci": [0.10374843189058457, 0.10898805737364291], "ys_std_ci": [0.12231300360917192, 0.12859470879239096], "obs_phi": 