{"xs_std": 0.20219825263028435, "ys_std": 0.19851335526096933, "xs_std_err": 0.001908392826181721, "ys_std_err": 0.0018508806527278447, "xs_std_ci": [0.19843325429398903, 0.20589274780816158], "ys_std_ci": [0.19482077220658212, 0.20209030869897265], "obs_phi": 