{"xs_std": 0.05330094733258976, "ys_std": 0.05908444930413078, "xs_std_err": 0.0009065227070798866, "ys_std_err": 0.0009626397494834938, "xs_std_ci": [0.05156863040047806, 0.05514247634099899], "ys_std_ci": [0.05719738456397527, 0.060988086670789636], "obs_phi": 