{"xs_std": 0.15748794782745518, "ys_std": 0.09034226333289319, "xs_std_err": 0.002237525156375191, "ys_std_err": 0.0011608070120402599, "xs_std_ci": [0.1531523418775439, 0.1619790502197702], "ys_std_ci": [0.08805481819818098, 0.09261606699710967], "obs_phi": 