{"xs_std": 0.32999842348285796, "ys_std": 0.23052891576649712, "xs_std_err": 0.004426335879151107, "ys_std_err": 0.0033200938406355938, "xs_std_ci": [0.3214290633626902, 0.3387237456369513], "ys_std_ci": [0.2239505157502344, 0.2369970742331565], "obs_phi": 