{"xs_std": 0.33883963828077296, "ys_std": 0.2584131054399163, "xs_std_err": 0.005024798292788611, "ys_std_err": 0.0033989870102165798, "xs_std_ci": [0.32914688690900473, 0.3486436880074929], "ys_std_ci": [0.25180634300291665, 0.26510997431701844], "obs_phi": 