{"xs_std": 0.2928661169915778, "ys_std": 0.28406755716853554, "xs_std_err": 0.004380089052402115, "ys_std_err": 0.004213148634339602, "xs_std_ci": [0.2842325892911185, 0.3015990377751534], "ys_std_ci": [0.2759761440966, 0.2925238179937281], "obs_phi": 