{"xs_std": 0.318938637313915, "ys_std": 0.19257517456223494, "xs_std_err": 0.004415877426066365, "ys_std_err": 0.0023496113816877167, "xs_std_ci": [0.31036542449571786, 0.327628489821134], "ys_std_ci": [0.1880020006422854, 0.19712253489609435], "obs_phi": 