{"xs_std": 0.34284654333856646, "ys_std": 0.26145120062348665, "xs_std_err": 0.004683871470274183, "ys_std_err": 0.003607533618722674, "xs_std_ci": [0.3339391223804067, 0.3521646753166091], "ys_std_ci": [0.25441585252303933, 0.2686680313541215], "obs_phi": 