{"xs_std": 0.0817887342738957, "ys_std": 0.016482351167279093, "xs_std_err": 0.001248352938642406, "ys_std_err": 0.00024561504141022353, "xs_std_ci": [0.07940030140140654, 0.08423031226526138], "ys_std_ci": [0.016000294419972087, 0.016966968627213558], "obs_phi": 