{"xs_std": 0.3277268245874145, "ys_std": 0.2421994673318523, "xs_std_err": 0.004237673382930761, "ys_std_err": 0.0029454041209834494, "xs_std_ci": [0.3194333260503386, 0.3360204618695174], "ys_std_ci": [0.23634669820262333, 0.24793433953095564], "obs_phi": 