{"xs_std": 0.3251642461965517, "ys_std": 0.21111067567674188, "xs_std_err": 0.004185650901441174, "ys_std_err": 0.003067029565098301, "xs_std_ci": [0.316855727846113, 0.3332779459522248], "ys_std_ci": [0.20520077117138297, 0.21723338572657275], "obs_phi": 