{"xs_std": 0.11525438705657227, "ys_std": 0.14234215143989767, "xs_std_err": 0.0011718437213348273, "ys_std_err": 0.0014177592265551375, "xs_std_ci": [0.11298145781719739, 0.11754092176687975], "ys_std_ci": [0.13957391110976178, 0.14512483801116663], "obs_phi": 