{"xs_std": 0.06152573575135956, "ys_std": 0.06016884367451395, "xs_std_err": 0.0011266567521758975, "ys_std_err": 0.001037336581932175, "xs_std_ci": [0.059353206217804405, 0.06375599271084027], "ys_std_ci": [0.05821640465042909, 0.06221043669664191], "obs_phi": 