{"xs_std": 0.08339079733979335, "ys_std": 0.005741744426261476, "xs_std_err": 0.001349877110368563, "ys_std_err": 9.723952681288111e-05, "xs_std_ci": [0.08074552792965041, 0.08608479301761668], "ys_std_ci": [0.005549670362986927, 0.005928907786625759], "obs_phi": 