{"xs_std": 0.1659562664462133, "ys_std": 0.09491496891818471, "xs_std_err": 0.0025805517640264506, "ys_std_err": 0.0013267422678965627, "xs_std_ci": [0.16092054727307575, 0.17107151613642654], "ys_std_ci": [0.092380196581138, 0.09754605617518854], "obs_phi": 