{"xs_std": 0.21001741950152494, "ys_std": 0.1461245220241, "xs_std_err": 0.00236395984375707, "ys_std_err": 0.0016682944779370307, "xs_std_ci": [0.20530225091869084, 0.2146357851035469], "ys_std_ci": [0.14286860699880613, 0.14939757946189305], "obs_phi": 