{"xs_std": 0.19099334017048988, "ys_std": 0.19572255787672657, "xs_std_err": 0.0018040431969269122, "ys_std_err": 0.0018194801157954512, "xs_std_ci": [0.18744489732286895, 0.1945761281733953], "ys_std_ci": [0.19218671948177776, 0.1993343500227293], "obs_phi": 