{"xs_std": 0.06659625182183258, "ys_std": 0.039909896449747115, "xs_std_err": 0.0009905088123032192, "ys_std_err": 0.0006254504517178953, "xs_std_ci": [0.06464817220345885, 0.06853126604608491], "ys_std_ci": [0.03870281209131551, 0.041157350023995176], "obs_phi": 