{"xs_std": 0.15345656712914316, "ys_std": 0.09153299126581739, "xs_std_err": 0.001878479832615462, "ys_std_err": 0.0011030308364399118, "xs_std_ci": [0.14967318791961443, 0.15710962031188563], "ys_std_ci": [0.08941546227114729, 0.0937103939376851], "obs_phi": 