{"xs_std": 0.28350623152157556, "ys_std": 0.2683868643686703, "xs_std_err": 0.0035622349762452327, "ys_std_err": 0.003346273942053152, "xs_std_ci": [0.27659357545975305, 0.2904222321455479], "ys_std_ci": [0.2618534078165658, 0.27496857837654365], "obs_phi": 