{"xs_std": 0.14717229860297423, "ys_std": 0.10333981950126879, "xs_std_err": 0.0018209052679817365, "ys_std_err": 0.0013060574923145659, "xs_std_ci": [0.143591236961437, 0.15072038636199334], "ys_std_ci": [0.10078451018413899, 0.10586404780637285], "obs_phi": 