{"xs_std": 0.20292915666248595, "ys_std": 0.20101858960439817, "xs_std_err": 0.0022985225738438135, "ys_std_err": 0.0022853951661995285, "xs_std_ci": [0.1984382876864302, 0.20753901737015698], "ys_std_ci": [0.19651518958245265, 0.20554337286889907], "obs_phi": 