{"xs_std": 0.06538190216639664, "ys_std": 0.03697922029007021, "xs_std_err": 0.0009819664135053512, "ys_std_err": 0.0005806443447568955, "xs_std_ci": [0.0634768133569442, 0.06732177587904499], "ys_std_ci": [0.03588625082323098, 0.03817867430548238], "obs_phi": 