{"xs_std": 0.3553308943360589, "ys_std": 0.25518990969672745, "xs_std_err": 0.004831364232910348, "ys_std_err": 0.003444504960302658, "xs_std_ci": [0.3460103004620081, 0.36499118948620896], "ys_std_ci": [0.24851525669696947, 0.2620477053935364], "obs_phi": 