{"xs_std": 0.14504799546271413, "ys_std": 0.138623109253797, "xs_std_err": 0.001877852130827048, "ys_std_err": 0.0017996866007906913, "xs_std_ci": [0.14142890943553935, 0.14873396959803412], "ys_std_ci": [0.13508479704761914, 0.14218836797056897], "obs_phi": 