{"xs_std": 0.1121783417469797, "ys_std": 0.13151579388231788, "xs_std_err": 0.0014448234611725377, "ys_std_err": 0.0016643931435147915, "xs_std_ci": [0.10936527933530438, 0.11497302500623839], "ys_std_ci": [0.12828263999956502, 0.1348169053131332], "obs_phi": 