{"xs_std": 0.13267682893153854, "ys_std": 0.1394444328662005, "xs_std_err": 0.0016984341165667402, "ys_std_err": 0.001699985627524034, "xs_std_ci": [0.12932103374354578, 0.13602620736774393], "ys_std_ci": [0.1361359045985469, 0.14282444620081672], "obs_phi": 