{"xs_std": 0.2104070815212403, "ys_std": 0.15139891506322758, "xs_std_err": 0.0026048413106691745, "ys_std_err": 0.001856145012916783, "xs_std_ci": [0.20534207528938267, 0.21545444712920173], "ys_std_ci": [0.1478696532519148, 0.15511765767072702], "obs_phi": 