{"xs_std": 0.2141374765678737, "ys_std": 0.17321255737904917, "xs_std_err": 0.003282396446346833, "ys_std_err": 0.002648312752938042, "xs_std_ci": [0.20793248378519702, 0.2208103163011131], "ys_std_ci": [0.16839773114412948, 0.17877470790451502], "obs_phi": 