{"xs_std": 0.3088620848711056, "ys_std": 0.2994496366141825, "xs_std_err": 0.004954344671715457, "ys_std_err": 0.004832837609474082, "xs_std_ci": [0.29917947466771505, 0.31873425873644773], "ys_std_ci": [0.29017412534959874, 0.3091057057071517], "obs_phi": 