{"xs_std": 0.15732845639895537, "ys_std": 0.1375239697269618, "xs_std_err": 0.0024281000998655346, "ys_std_err": 0.0019006117883397333, "xs_std_ci": [0.152714938322866, 0.16223020631903354], "ys_std_ci": [0.13378847549050973, 0.1413281570782201], "obs_phi": 