{"xs_std": 0.08114851005584649, "ys_std": 0.00995039386740833, "xs_std_err": 0.0010845785455810292, "ys_std_err": 0.0001320030500508775, "xs_std_ci": [0.07902250164772529, 0.08329482074210676], "ys_std_ci": [0.009697706120824889, 0.010212673519528337], "obs_phi": 