{"xs_std": 0.14574356885958134, "ys_std": 0.14028777104122578, "xs_std_err": 0.0018550233350964845, "ys_std_err": 0.0017631586004937414, "xs_std_ci": [0.1421265953600674, 0.14932356260124963], "ys_std_ci": [0.13690738281174095, 0.14370826243897364], "obs_phi": 