{"xs_std": 0.015170473468516753, "ys_std": 0.019127593424601533, "xs_std_err": 0.00021106816854113227, "ys_std_err": 0.0002514818106670493, "xs_std_ci": [0.01476538745100441, 0.015591489084740087], "ys_std_ci": [0.01863932405906879, 0.01963121884642969], "obs_phi": 