{"xs_std": 0.15997424717582118, "ys_std": 0.08990424589503256, "xs_std_err": 0.002099983515261766, "ys_std_err": 0.0010914958844230201, "xs_std_ci": [0.1558978385029444, 0.1641140179081089], "ys_std_ci": [0.0878060030269187, 0.0920505411557524], "obs_phi": 