{"xs_std": 0.15293207313341275, "ys_std": 0.11688124460296484, "xs_std_err": 0.0020168937807760415, "ys_std_err": 0.0015547944790238368, "xs_std_ci": [0.1489737689450351, 0.15695756432965724], "ys_std_ci": [0.1137692195225747, 0.11993919185221359], "obs_phi": 