{"xs_std": 0.17907220414947828, "ys_std": 0.19654189835416, "xs_std_err": 0.001712543613495204, "ys_std_err": 0.0018455821198663214, "xs_std_ci": [0.17575718841954593, 0.18248230709535107], "ys_std_ci": [0.1928632002700242, 0.20012516814027542], "obs_phi": 