{"xs_std": 0.05877605472660455, "ys_std": 0.05285261734321261, "xs_std_err": 0.0010062146168216843, "ys_std_err": 0.0009035784000085822, "xs_std_ci": [0.056806948333665244, 0.060731578233580934], "ys_std_ci": [0.05110094879832727, 0.054611948744479465], "obs_phi": 