{"xs_std": 0.0869894763296544, "ys_std": 0.003732970934764462, "xs_std_err": 0.001970208587924755, "ys_std_err": 0.00010065097882504532, "xs_std_ci": [0.08332902221377445, 0.09108596435158998], "ys_std_ci": [0.0035522727741174125, 0.003945332771352923], "obs_phi": 