{"xs_std": 0.20523416427952373, "ys_std": 0.1976701886944519, "xs_std_err": 0.0026951343718636177, "ys_std_err": 0.002599962073372783, "xs_std_ci": [0.20012054627370188, 0.2106762041260062], "ys_std_ci": [0.19268809950502175, 0.202905345582322], "obs_phi": 