{"xs_std": 0.061846801529205075, "ys_std": 0.04735857375975259, "xs_std_err": 0.0009861421836124325, "ys_std_err": 0.0007982103887653982, "xs_std_ci": [0.0598637344455214, 0.06375765498148946], "ys_std_ci": [0.045823283030167285, 0.048955356359122175], "obs_phi": 