{"xs_std": 0.084804729523712, "ys_std": 0.0021233560724887284, "xs_std_err": 0.0013006048595936555, "ys_std_err": 3.793801881585974e-05, "xs_std_ci": [0.08230021815331683, 0.08739834375399026], "ys_std_ci": [0.0020495910623153962, 0.002198482593630091], "obs_phi": 