{"xs_std": 0.2284907897010618, "ys_std": 0.1334706881879538, "xs_std_err": 0.002405858073006432, "ys_std_err": 0.0013844299502884403, "xs_std_ci": [0.22377895394016037, 0.23330002507912953], "ys_std_ci": [0.13078723254082078, 0.1361890625647722], "obs_phi": 