{"xs_std": 0.22448520534253802, "ys_std": 0.12772301154020085, "xs_std_err": 0.0022784574439160773, "ys_std_err": 0.0012721786430645657, "xs_std_ci": [0.22003523494147578, 0.22902729480922893], "ys_std_ci": [0.12527734698584883, 0.13027998731871335], "obs_phi": 