{"xs_std": 0.07940582051208725, "ys_std": 0.04020229908827975, "xs_std_err": 0.0014821546431993242, "ys_std_err": 0.0007668949721413717, "xs_std_ci": [0.07657284021110836, 0.08237071989064246], "ys_std_ci": [0.0387389599114984, 0.041734273233743506], "obs_phi": 