{"xs_std": 0.20847917802019142, "ys_std": 0.15781919615922368, "xs_std_err": 0.002200262795961693, "ys_std_err": 0.0016228641295156232, "xs_std_ci": [0.2041669244719948, 0.212783221264962], "ys_std_ci": [0.15463107248535557, 0.16107305267645305], "obs_phi": 