{"xs_std": 0.15492099955086122, "ys_std": 0.11623697303622882, "xs_std_err": 0.0018411308932242691, "ys_std_err": 0.001335898799195719, "xs_std_ci": [0.1512930773730699, 0.1584882057870327], "ys_std_ci": [0.11363394767566053, 0.11885098683040053], "obs_phi": 