{"xs_std": 0.22223054869315376, "ys_std": 0.13258893173330594, "xs_std_err": 0.0026210703135095275, "ys_std_err": 0.001503736304649363, "xs_std_ci": [0.21720296593356933, 0.2273407045408588], "ys_std_ci": [0.12964026741984858, 0.1355947610015422], "obs_phi": 