{"xs_std": 0.1384582028307539, "ys_std": 0.14454401500469294, "xs_std_err": 0.0016034100312189476, "ys_std_err": 0.0017212131157004883, "xs_std_ci": [0.1353727404637979, 0.14160542332917064], "ys_std_ci": [0.14121056864656753, 0.14795456956646458], "obs_phi": 