{"xs_std": 0.28058646215310346, "ys_std": 0.026206862299018887, "xs_std_err": 0.0028104163886404593, "ys_std_err": 0.00026409955097432276, "xs_std_ci": [0.27512168094563, 0.2861980651081968], "ys_std_ci": [0.025701134822998017, 0.02672481728685489], "obs_phi": 