{"xs_std": 0.06765710022262143, "ys_std": 0.039624811980107214, "xs_std_err": 0.0014733049326733625, "ys_std_err": 0.0008338044160906911, "xs_std_ci": [0.06483454969813578, 0.0705797908305773], "ys_std_ci": [0.03799998423042844, 0.041322815488891], "obs_phi": 