{"xs_std": 0.1878108771768005, "ys_std": 0.11059444013900567, "xs_std_err": 0.0023184619107413785, "ys_std_err": 0.0013819186876663908, "xs_std_ci": [0.18327818110262878, 0.19234094288626158], "ys_std_ci": [0.10794038751626697, 0.11337663285766407], "obs_phi": 