{"xs_std": 0.06669523644330508, "ys_std": 0.06264015249841158, "xs_std_err": 0.0012966978838175375, "ys_std_err": 0.001240917791660325, "xs_std_ci": [0.06421118647392857, 0.06927092776888638], "ys_std_ci": [0.060243929440172206, 0.06510566632869852], "obs_phi": 