{"xs_std": 0.044637243301219036, "ys_std": 0.05703903099928577, "xs_std_err": 0.0005141617992847221, "ys_std_err": 0.0006774965120146998, "xs_std_ci": [0.04364197115530976, 0.04565664858728681], "ys_std_ci": [0.055747691795291904, 0.05839126531921851], "obs_phi": 