{"xs_std": 0.13613531957917732, "ys_std": 0.13567420580634057, "xs_std_err": 0.0016717936974181217, "ys_std_err": 0.0016514504672974174, "xs_std_ci": [0.13296947392323155, 0.13944853702873308], "ys_std_ci": [0.1323673478449568, 0.13889634957360808], "obs_phi": 