{"xs_std": 0.19822261215759746, "ys_std": 0.05576310065017596, "xs_std_err": 0.002417848898088635, "ys_std_err": 0.0006816706063223563, "xs_std_ci": [0.19357945631121376, 0.20304055986815306], "ys_std_ci": [0.054464799424304614, 0.05713883823292079], "obs_phi": 