{"xs_std": 0.053054631058045774, "ys_std": 0.05208389543185924, "xs_std_err": 0.000728088771990928, "ys_std_err": 0.0007169771772189397, "xs_std_ci": [0.05163797405217804, 0.05451938220742356], "ys_std_ci": [0.05065604564366552, 0.05348145419162268], "obs_phi": 