{"xs_std": 0.15703156850613584, "ys_std": 0.10287090000246511, "xs_std_err": 0.002170875052138004, "ys_std_err": 0.0014082519477438668, "xs_std_ci": [0.15278868441417778, 0.1612522031118765], "ys_std_ci": [0.10011562593873337, 0.10560397861842231], "obs_phi": 