{"xs_std": 0.06206461427789133, "ys_std": 0.038060430396074846, "xs_std_err": 0.0009018429680338251, "ys_std_err": 0.0006230356621154471, "xs_std_ci": [0.0602995693112171, 0.06382254374131624], "ys_std_ci": [0.03685685635336849, 0.039292584991406296], "obs_phi": 