{"xs_std": 0.2083853029911202, "ys_std": 0.1929730940893669, "xs_std_err": 0.0019850283295016137, "ys_std_err": 0.0018274135760095048, "xs_std_ci": [0.20454714013282627, 0.21234728900367492], "ys_std_ci": [0.18936756254983705, 0.1964435953947725], "obs_phi": 