{"xs_std": 0.15285853185356976, "ys_std": 0.09443877044239, "xs_std_err": 0.0022449629526134023, "ys_std_err": 0.001273948421796271, "xs_std_ci": [0.14842938992984564, 0.15725535193674323], "ys_std_ci": [0.09197343287664296, 0.0969289498962524], "obs_phi": 