{"xs_std": 0.10531445765165208, "ys_std": 0.13326416096478277, "xs_std_err": 0.0010193538029937984, "ys_std_err": 0.0012870671877528344, "xs_std_ci": [0.1033034618511363, 0.10728699457469096], "ys_std_ci": [0.13074572300765644, 0.13578010328405085], "obs_phi": 