{"xs_std": 0.08430000162042603, "ys_std": 0.022041425698229818, "xs_std_err": 0.0014028488961730786, "ys_std_err": 0.0003944135879104072, "xs_std_ci": [0.0816422524154448, 0.08717466405397659], "ys_std_ci": [0.021298751961996043, 0.022835025537266598], "obs_phi": 