{"xs_std": 0.14415915457999876, "ys_std": 0.1227673766666332, "xs_std_err": 0.0018996630145035286, "ys_std_err": 0.0016841944306075045, "xs_std_ci": [0.1404965197182596, 0.14786481550463487], "ys_std_ci": [0.11944714204311215, 0.12615656773453376], "obs_phi": 