{"xs_std": 0.16339446589773465, "ys_std": 0.18324817465829096, "xs_std_err": 0.0015323483232262346, "ys_std_err": 0.0017098247623169947, "xs_std_ci": [0.16036476497105479, 0.16636377648781023], "ys_std_ci": [0.17991296545783994, 0.18662530215224485], "obs_phi": 