{"xs_std": 0.3142419567975673, "ys_std": 0.21328183656644986, "xs_std_err": 0.004280345344354947, "ys_std_err": 0.0028172051324771535, "xs_std_ci": [0.3058391153977844, 0.32266537423499136], "ys_std_ci": [0.2078887238595402, 0.21892744784165902], "obs_phi": 