{"xs_std": 0.15649941912420032, "ys_std": 0.09909547479230092, "xs_std_err": 0.0020236118903419953, "ys_std_err": 0.0012415483039696276, "xs_std_ci": [0.15258203344469934, 0.16048214817693102], "ys_std_ci": [0.09667505590940033, 0.10154750622280975], "obs_phi": 