{"xs_std": 0.16704275606597505, "ys_std": 0.1006426232301642, "xs_std_err": 0.0025282582392444986, "ys_std_err": 0.001439686170760155, "xs_std_ci": [0.16203634240079584, 0.17205008876875905], "ys_std_ci": [0.09787009648176968, 0.10354973647677837], "obs_phi": 