{"xs_std": 0.03677915565953282, "ys_std": 0.04500505738040071, "xs_std_err": 0.0005825168753116355, "ys_std_err": 0.0006598420957481685, "xs_std_ci": [0.035663739078732264, 0.037942860173851956], "ys_std_ci": [0.04373225884360797, 0.04633986093769346], "obs_phi": 