{"xs_std": 0.02699298360802782, "ys_std": 0.02958457185026917, "xs_std_err": 0.00028524411419324696, "ys_std_err": 0.0003155932368205754, "xs_std_ci": [0.026441906889336078, 0.0275525719528118], "ys_std_ci": [0.028984477488533843, 0.030205803087855636], "obs_phi": 