{"xs_std": 0.3232757704048363, "ys_std": 0.23582210997473008, "xs_std_err": 0.004878620228747987, "ys_std_err": 0.003060605655300998, "xs_std_ci": [0.31382378093470115, 0.3330443412898213], "ys_std_ci": [0.22980760133547237, 0.2419004270506082], "obs_phi": 