{"xs_std": 0.14733514958317198, "ys_std": 0.1422263558998164, "xs_std_err": 0.001904695712448796, "ys_std_err": 0.0017758313553061012, "xs_std_ci": [0.14359762215842012, 0.15103538847360035], "ys_std_ci": [0.1388491836159194, 0.1458070850483652], "obs_phi": 