{"xs_std": 0.07913571521041576, "ys_std": 0.03273601851064334, "xs_std_err": 0.0012038886472795724, "ys_std_err": 0.0005007848587577475, "xs_std_ci": [0.07680977443495231, 0.08153069160273393], "ys_std_ci": [0.03176299178268369, 0.033723536313361516], "obs_phi": 