{"xs_std": 0.1607285806837021, "ys_std": 0.10017503326609434, "xs_std_err": 0.002091775477079436, "ys_std_err": 0.001234768538324787, "xs_std_ci": [0.15656142949644478, 0.16478129204544817], "ys_std_ci": [0.09780567910162705, 0.10259063614300465], "obs_phi": 