{"xs_std": 0.015528087923465703, "ys_std": 0.015731054341304652, "xs_std_err": 0.00017766996001842495, "ys_std_err": 0.0001813803548032275, "xs_std_ci": [0.015185865584818386, 0.015879628464168037], "ys_std_ci": [0.015379313615847132, 0.016083710722249265], "obs_phi": 