{"xs_std": 0.18922525020781938, "ys_std": 0.07432924906439643, "xs_std_err": 0.002168430572719465, "ys_std_err": 0.0008232015227649845, "xs_std_ci": [0.18503878866223541, 0.19353855362395606], "ys_std_ci": [0.07272019860426884, 0.07595807725481546], "obs_phi": 