{"xs_std": 0.3239689140477337, "ys_std": 0.20585006062103792, "xs_std_err": 0.004172519933795886, "ys_std_err": 0.002792951566924209, "xs_std_ci": [0.3159243299226478, 0.33232020244677385], "ys_std_ci": [0.20041877487752235, 0.21137498060908647], "obs_phi": 