{"xs_std": 0.07223296508932148, "ys_std": 0.0604636270703059, "xs_std_err": 0.0018701438681653438, "ys_std_err": 0.0014727744695632928, "xs_std_ci": [0.0688838419690678, 0.07614523944534786], "ys_std_ci": [0.05774371669385951, 0.06358678154561334], "obs_phi": 