{"xs_std": 0.15324182338933512, "ys_std": 0.08811045221195271, "xs_std_err": 0.0020823807627687266, "ys_std_err": 0.0011763164041856517, "xs_std_ci": [0.14919466744736345, 0.1574114790112303], "ys_std_ci": [0.08588666023140569, 0.09041858329684124], "obs_phi": 