{"xs_std": 0.16671998264623844, "ys_std": 0.10243268943588635, "xs_std_err": 0.002456965930052678, "ys_std_err": 0.0022791567434214503, "xs_std_ci": [0.16195180681741198, 0.17158808459499594], "ys_std_ci": [0.09818116500456378, 0.10711476548988026], "obs_phi": 