{"xs_std": 0.14043332158942237, "ys_std": 0.12917642680366734, "xs_std_err": 0.0018075459600111474, "ys_std_err": 0.0016670386035177445, "xs_std_ci": [0.1368304059651116, 0.14397857244940632], "ys_std_ci": [0.1259685363339569, 0.13248393050412102], "obs_phi": 