{"xs_std": 0.2289792898692499, "ys_std": 0.1327462874861475, "xs_std_err": 0.0023312383388129276, "ys_std_err": 0.0013484987805647245, "xs_std_ci": [0.22448238557175446, 0.23360375666345432], "ys_std_ci": [0.13014344607491668, 0.13538921527735073], "obs_phi": 