{"xs_std": 0.025704809217219193, "ys_std": 0.0269189744199652, "xs_std_err": 0.00030173462909174594, "ys_std_err": 0.000312219084733972, "xs_std_ci": [0.025118926269039908, 0.026306910873610312], "ys_std_ci": [0.02631226322316688, 0.027537669845996825], "obs_phi": 