{"xs_std": 0.20000843685239983, "ys_std": 0.18199994581895673, "xs_std_err": 0.0020502598318741768, "ys_std_err": 0.0018766298277503412, "xs_std_ci": [0.19601701466988836, 0.20406290654491127], "ys_std_ci": [0.17833858737687575, 0.1857122641638396], "obs_phi": 