{"xs_std": 0.32508697884121424, "ys_std": 0.24499785912697464, "xs_std_err": 0.0042448246384299195, "ys_std_err": 0.0028969936830024914, "xs_std_ci": [0.31680821459884273, 0.33361540037753357], "ys_std_ci": [0.2392913430080994, 0.250739709666484], "obs_phi": 