{"xs_std": 0.141590950361594, "ys_std": 0.13968089537009173, "xs_std_err": 0.001662380343482003, "ys_std_err": 0.001633254056730556, "xs_std_ci": [0.13834434781040442, 0.1448277673081651], "ys_std_ci": [0.13646639771675406, 0.14295281412122743], "obs_phi": 