{"xs_std": 0.15672776481558456, "ys_std": 0.09796838258737454, "xs_std_err": 0.0019679067167653495, "ys_std_err": 0.001485438937410384, "xs_std_ci": [0.15283329936869064, 0.16060700379841855], "ys_std_ci": [0.09504583940751664, 0.10090588016384337], "obs_phi": 