{"xs_std": 0.14384051445509033, "ys_std": 0.132102058498599, "xs_std_err": 0.0018121312070453334, "ys_std_err": 0.001667743148148255, "xs_std_ci": [0.14030653822899988, 0.14740609279852432], "ys_std_ci": [0.12882195190372608, 0.1353948109773107], "obs_phi": 