{"xs_std": 0.062463527100925974, "ys_std": 0.03720468508804059, "xs_std_err": 0.0009974337467354617, "ys_std_err": 0.0006072361570210115, "xs_std_ci": [0.060542029522287606, 0.06442453561255729], "ys_std_ci": [0.03603701526157376, 0.03839387720802702], "obs_phi": 