{"xs_std": 0.22436544030156744, "ys_std": 0.1505370403177008, "xs_std_err": 0.002156707790731113, "ys_std_err": 0.0014626090320941831, "xs_std_ci": [0.22007684905843453, 0.22857076669609994], "ys_std_ci": [0.1477497036479657, 0.15346713904907347], "obs_phi": 