{"xs_std": 0.15689265202904243, "ys_std": 0.09547577711828642, "xs_std_err": 0.0020627179441421394, "ys_std_err": 0.0012713314109959071, "xs_std_ci": [0.15292317840687836, 0.16101920770579284], "ys_std_ci": [0.09296853835917832, 0.09797469285608242], "obs_phi": 