{"xs_std": 0.13748714506147652, "ys_std": 0.11365208359732018, "xs_std_err": 0.0016993762966669751, "ys_std_err": 0.0014148154968056737, "xs_std_ci": [0.13420611156206422, 0.14088830918958312], "ys_std_ci": [0.11090895578834412, 0.1164496770776777], "obs_phi": 