{"xs_std": 0.30159288843957904, "ys_std": 0.20976267714512054, "xs_std_err": 0.004023741639950248, "ys_std_err": 0.002969345592571856, "xs_std_ci": [0.2938224064382164, 0.3094562865840681], "ys_std_ci": [0.204108253896979, 0.21561148599730495], "obs_phi": 