{"xs_std": 0.20475758756357107, "ys_std": 0.18401874673488122, "xs_std_err": 0.0024754581488953863, "ys_std_err": 0.0022552127845439545, "xs_std_ci": [0.19997795947645058, 0.2096132483299221], "ys_std_ci": [0.17974476937316494, 0.1885509098327386], "obs_phi": 