{"xs_std": 0.06032939993967587, "ys_std": 0.04076044634070457, "xs_std_err": 0.0009250706178236425, "ys_std_err": 0.0006163376563173066, "xs_std_ci": [0.05849503328863155, 0.06212805351199529], "ys_std_ci": [0.03955488621398188, 0.04198024862406116], "obs_phi": 