{"xs_std": 0.3255870500497075, "ys_std": 0.24984138266621433, "xs_std_err": 0.004433617956366769, "ys_std_err": 0.003426904633006153, "xs_std_ci": [0.31700987831989824, 0.3342888246036853], "ys_std_ci": [0.2431940605628351, 0.2567163836940527], "obs_phi": 