{"xs_std": 0.2193264524481337, "ys_std": 0.14184791678703718, "xs_std_err": 0.0024197777695189257, "ys_std_err": 0.0016251184175152937, "xs_std_ci": [0.21461770077698206, 0.22405574427562322], "ys_std_ci": [0.13874200492978378, 0.14512308484112663], "obs_phi": 