{"xs_std": 0.31647785711923987, "ys_std": 0.24165813052520796, "xs_std_err": 0.004276285369018935, "ys_std_err": 0.003249445399040849, "xs_std_ci": [0.30822444652131226, 0.3248641339072734], "ys_std_ci": [0.23536429039452597, 0.24802096121122458], "obs_phi": 