{"xs_std": 0.05813959166474955, "ys_std": 0.0612790896621548, "xs_std_err": 0.0009292005542343654, "ys_std_err": 0.0009529917083360833, "xs_std_ci": [0.056313851771173304, 0.05993897891085555], "ys_std_ci": [0.05945631127224044, 0.06316391440482286], "obs_phi": 