{"xs_std": 0.14835755775359902, "ys_std": 0.10812587576299904, "xs_std_err": 0.002010701554143603, "ys_std_err": 0.0014818775133689588, "xs_std_ci": [0.14440687034332136, 0.1523072333860873], "ys_std_ci": [0.10526494580676472, 0.11102264532948401], "obs_phi": 