{"xs_std": 0.2544217046475464, "ys_std": 0.141444437690206, "xs_std_err": 0.0024428832656867754, "ys_std_err": 0.0013127895288862176, "xs_std_ci": [0.24963390736483787, 0.25922061396009755], "ys_std_ci": [0.1388796803880818, 0.1440743975848864], "obs_phi": 