{"xs_std": 0.07546923085865972, "ys_std": 0.04607145446253223, "xs_std_err": 0.001088984022207771, "ys_std_err": 0.0006390714539265785, "xs_std_ci": [0.07333913440793699, 0.07764068185719707], "ys_std_ci": [0.044825469809271525, 0.04732779024190769], "obs_phi": 