{"xs_std": 0.3155312213962183, "ys_std": 0.20394152980288258, "xs_std_err": 0.0040934698157676285, "ys_std_err": 0.0026071775886867365, "xs_std_ci": [0.3074436109712956, 0.3236054718863984], "ys_std_ci": [0.1988405038807412, 0.20901925568034727], "obs_phi": 