{"xs_std": 0.30788295742538796, "ys_std": 0.25381090806459955, "xs_std_err": 0.004084209369385232, "ys_std_err": 0.0033353228056341093, "xs_std_ci": [0.29985112989136686, 0.31578173826881434], "ys_std_ci": [0.2473060587236928, 0.2604303581540744], "obs_phi": 