{"xs_std": 0.08521928701958116, "ys_std": 0.0023975004827068986, "xs_std_err": 0.001411182957211148, "ys_std_err": 3.600753979142118e-05, "xs_std_ci": [0.08245765347229184, 0.0879632297656076], "ys_std_ci": [0.0023269211666402763, 0.002468582076807936], "obs_phi": 