{"xs_std": 0.15590222225793832, "ys_std": 0.13519828279657173, "xs_std_err": 0.0018553563060384568, "ys_std_err": 0.0015382983451494143, "xs_std_ci": [0.1523199397203284, 0.15949751092216571], "ys_std_ci": [0.1321888137465004, 0.13823853448299983], "obs_phi": 