{"xs_std": 0.19840701491596263, "ys_std": 0.18805279068515912, "xs_std_err": 0.0018420354804791692, "ys_std_err": 0.0017557901209663894, "xs_std_ci": [0.19480690892038868, 0.20198401011072786], "ys_std_ci": [0.18465785403811608, 0.19145021206563095], "obs_phi": 