{"xs_std": 0.3186166531717336, "ys_std": 0.18950754363697347, "xs_std_err": 0.00394775782111382, "ys_std_err": 0.0022997324782781077, "xs_std_ci": [0.3109131359928071, 0.3263730099442775], "ys_std_ci": [0.18495072721154, 0.19394740460169624], "obs_phi": 