{"xs_std": 0.2743819237569309, "ys_std": 0.25741406709624876, "xs_std_err": 0.003581086676016848, "ys_std_err": 0.003407614279519032, "xs_std_ci": [0.2673543662321544, 0.2815822973432251], "ys_std_ci": [0.2508632143872095, 0.2642860003535846], "obs_phi": 