{"xs_std": 0.3101030812944778, "ys_std": 0.21024545170326156, "xs_std_err": 0.0037907813113103547, "ys_std_err": 0.0026413060388776805, "xs_std_ci": [0.30271616863492523, 0.317657898995442], "ys_std_ci": [0.2050662043257271, 0.21536680881376713], "obs_phi": 