{"xs_std": 0.08308846375247649, "ys_std": 0.10538025213685537, "xs_std_err": 0.0008033145478885395, "ys_std_err": 0.001004477707761429, "xs_std_ci": [0.08149209481965057, 0.08466096817393526], "ys_std_ci": [0.10338873260250152, 0.10734313377582799], "obs_phi": 