{"xs_std": 0.1629153874854279, "ys_std": 0.09896544267745748, "xs_std_err": 0.002374594881832129, "ys_std_err": 0.0014092632118455101, "xs_std_ci": [0.15825463995423297, 0.16759713829086514], "ys_std_ci": [0.09623256915651814, 0.10182252813851121], "obs_phi": 