{"xs_std": 0.0651547236857129, "ys_std": 0.03790514692127137, "xs_std_err": 0.0011987812533528696, "ys_std_err": 0.0006642277079329762, "xs_std_ci": [0.06281018063277533, 0.06755094520600785], "ys_std_ci": [0.036625621111276464, 0.03921084050042543], "obs_phi": 