{"xs_std": 0.1904213705521157, "ys_std": 0.19034923107454918, "xs_std_err": 0.0018959517536357277, "ys_std_err": 0.0018890160438057339, "xs_std_ci": [0.1867138617068742, 0.19409255972679984], "ys_std_ci": [0.18664035747348556, 0.19412663380193373], "obs_phi": 