{"xs_std": 0.20346497411629444, "ys_std": 0.05255232874406349, "xs_std_err": 0.0027292861907641055, "ys_std_err": 0.000722033362607427, "xs_std_ci": [0.19815467462046898, 0.2088371880781792], "ys_std_ci": [0.051119692959726404, 0.053976679963376094], "obs_phi": 