{"xs_std": 0.15227460248550792, "ys_std": 0.1417896721972846, "xs_std_err": 0.0018283894368806557, "ys_std_err": 0.0017103945692864765, "xs_std_ci": [0.148633690246439, 0.15582081187250596], "ys_std_ci": [0.13843748415213342, 0.14517916975383763], "obs_phi": 