{"xs_std": 0.05322878875349431, "ys_std": 0.04844533939344705, "xs_std_err": 0.00074777773672575, "ys_std_err": 0.000691044560084745, "xs_std_ci": [0.05176703402383428, 0.05470241932549486], "ys_std_ci": [0.04708946676900598, 0.04980844722130444], "obs_phi": 