{"xs_std": 0.31869766264321003, "ys_std": 0.22198999636804567, "xs_std_err": 0.0038971348618898637, "ys_std_err": 0.0027732432654230528, "xs_std_ci": [0.3111783243384292, 0.3264789812642722], "ys_std_ci": [0.21650603197973245, 0.22739468948027006], "obs_phi": 