{"xs_std": 0.045094511382569806, "ys_std": 0.05587369461237142, "xs_std_err": 0.0004446579873329659, "ys_std_err": 0.0005214078359641664, "xs_std_ci": [0.04423002115268419, 0.04597145614069352], "ys_std_ci": [0.05483479110080878, 0.056876431157412026], "obs_phi": 