{"xs_std": 0.1541958709433128, "ys_std": 0.09019741486332163, "xs_std_err": 0.001938557412694668, "ys_std_err": 0.0012298023530124432, "xs_std_ci": [0.15042538742122868, 0.15803256781193087], "ys_std_ci": [0.08779920629370988, 0.0926779637822725], "obs_phi": 