{"xs_std": 0.17971035632950383, "ys_std": 0.19759235245342804, "xs_std_err": 0.001816623002470354, "ys_std_err": 0.002010844175401485, "xs_std_ci": [0.1761580339223386, 0.18326225535314183], "ys_std_ci": [0.19367158308524196, 0.20148417770331264], "obs_phi": 