{"xs_std": 0.1894769065774138, "ys_std": 0.19869400072114934, "xs_std_err": 0.0019565541036360326, "ys_std_err": 0.0019910231635353716, "xs_std_ci": [0.18561598131315551, 0.1933300810749422], "ys_std_ci": [0.19479500811535716, 0.20263680551446447], "obs_phi": 