{"xs_std": 0.3362069022128409, "ys_std": 0.2468223181276494, "xs_std_err": 0.004755347231365756, "ys_std_err": 0.0030600846773455714, "xs_std_ci": [0.32693558949686136, 0.34562442119110764], "ys_std_ci": [0.24082997335876793, 0.2527596698679495], "obs_phi": 