{"xs_std": 0.19785481550358977, "ys_std": 0.19518801456650986, "xs_std_err": 0.001978613656970735, "ys_std_err": 0.001959113231949357, "xs_std_ci": [0.19409669473498706, 0.20180543521958919], "ys_std_ci": [0.1913546779155111, 0.19906962087836413], "obs_phi": 