{"xs_std": 0.0658499732193424, "ys_std": 0.0428160728273607, "xs_std_err": 0.0011583488940036966, "ys_std_err": 0.0007176820066878565, "xs_std_ci": [0.06362512862199315, 0.06815957934867453], "ys_std_ci": [0.04141801892670203, 0.044242723468672196], "obs_phi": 