{"xs_std": 0.21892248301059017, "ys_std": 0.13162806413522873, "xs_std_err": 0.0021593987019547494, "ys_std_err": 0.0012966723697098968, "xs_std_ci": [0.2146845872509716, 0.22320482180934914], "ys_std_ci": [0.1290585924369008, 0.1341840486447891], "obs_phi": 