{"xs_std": 0.1598277746321246, "ys_std": 0.09504552624398518, "xs_std_err": 0.0023561505911090783, "ys_std_err": 0.0012890141250886313, "xs_std_ci": [0.1552360028333347, 0.16454952983318605], "ys_std_ci": [0.09258622826370384, 0.09759157718929662], "obs_phi": 