{"xs_std": 0.03862378227999524, "ys_std": 0.04673442619625186, "xs_std_err": 0.00037624029071140164, "ys_std_err": 0.0004479427085810329, "xs_std_ci": [0.03789549838199977, 0.03936585595825331], "ys_std_ci": [0.045873578261273494, 0.04760522004178505], "obs_phi": 