{"xs_std": 0.06513973477937854, "ys_std": 0.03910297034561892, "xs_std_err": 0.0013597275084505245, "ys_std_err": 0.0007692267594075655, "xs_std_ci": [0.06259178150726002, 0.0679040565005295], "ys_std_ci": [0.03762483398648204, 0.0406549452763549], "obs_phi": 