{"xs_std": 0.20638053520231897, "ys_std": 0.1977473116579386, "xs_std_err": 0.002036392884793458, "ys_std_err": 0.0018553385879130717, "xs_std_ci": [0.20243763282793872, 0.2104854965317937], "ys_std_ci": [0.1941249200241539, 0.20136907231247597], "obs_phi": 