{"xs_std": 0.20037230115066954, "ys_std": 0.20006850331955248, "xs_std_err": 0.0021714239951551645, "ys_std_err": 0.002160975049921561, "xs_std_ci": [0.19627196139646613, 0.20468267769262358], "ys_std_ci": [0.1957948667891407, 0.20425183324050816], "obs_phi": 