{"xs_std": 0.05463547965811735, "ys_std": 0.06985613587585421, "xs_std_err": 0.0007906921449466419, "ys_std_err": 0.0009680952472119546, "xs_std_ci": [0.053140932850330336, 0.056213243436291985], "ys_std_ci": [0.06798237732097938, 0.07178237181417416], "obs_phi": 