{"xs_std": 0.19817766905680326, "ys_std": 0.06558061841864687, "xs_std_err": 0.00241438458788784, "ys_std_err": 0.00077757875627263, "xs_std_ci": [0.1934440585394131, 0.2029742724114045], "ys_std_ci": [0.06404045375732376, 0.06711484947116494], "obs_phi": 