{"xs_std": 0.15011198372432266, "ys_std": 0.11834983750099887, "xs_std_err": 0.002322083002902333, "ys_std_err": 0.0018170535251736137, "xs_std_ci": [0.1456572154030871, 0.15475401031430003], "ys_std_ci": [0.114873546386543, 0.12200145347750238], "obs_phi": 