{"xs_std": 0.28924780066214056, "ys_std": 0.2133995642477282, "xs_std_err": 0.0043576670029588154, "ys_std_err": 0.00344362545757998, "xs_std_ci": [0.2805844640178493, 0.297886884789198], "ys_std_ci": [0.206764578769799, 0.2203044610946411], "obs_phi": 