{"xs_std": 0.07220018260772912, "ys_std": 0.05354115199202774, "xs_std_err": 0.001022961197065819, "ys_std_err": 0.0007270793673086176, "xs_std_ci": [0.07021480605813005, 0.07419462443735621], "ys_std_ci": [0.05211525432505118, 0.054962548426922435], "obs_phi": 