{"xs_std": 0.14606927745032391, "ys_std": 0.14518813033394282, "xs_std_err": 0.0022512076805608567, "ys_std_err": 0.002247913138548067, "xs_std_ci": [0.14171431930789377, 0.1505320509579404], "ys_std_ci": [0.14082553135981984, 0.14958358019287846], "obs_phi": 