{"xs_std": 0.1739416109726078, "ys_std": 0.1429991744619183, "xs_std_err": 0.002420946061399635, "ys_std_err": 0.0018560721544003864, "xs_std_ci": [0.16925746513499698, 0.17872173005302336], "ys_std_ci": [0.13943576081260647, 0.14670301496352797], "obs_phi": 