{"xs_std": 0.08355443834052359, "ys_std": 0.004096240708304888, "xs_std_err": 0.0012769462857380902, "ys_std_err": 5.691725018491579e-05, "xs_std_ci": [0.08105220099886598, 0.08605141725723764], "ys_std_ci": [0.003985289426267755, 0.004209699850756712], "obs_phi": 