{"xs_std": 0.16584109076740058, "ys_std": 0.09485806221483407, "xs_std_err": 0.0023172949315919565, "ys_std_err": 0.0012025978548161178, "xs_std_ci": [0.16128983694355334, 0.17054847644265417], "ys_std_ci": [0.09251405018475292, 0.09720816016943087], "obs_phi": 