{"xs_std": 0.2735901810949507, "ys_std": 0.2685576221072696, "xs_std_err": 0.003488945850788907, "ys_std_err": 0.003415772616133571, "xs_std_ci": [0.2667127741422059, 0.2803430431574448], "ys_std_ci": [0.26175298093448507, 0.2752525774722408], "obs_phi": 