{"xs_std": 0.14141258555226294, "ys_std": 0.11755268371713277, "xs_std_err": 0.0018258050561276548, "ys_std_err": 0.0015118665316196235, "xs_std_ci": [0.137882382782495, 0.14505351947043968], "ys_std_ci": [0.11463171639353181, 0.12053889285326251], "obs_phi": 