{"xs_std": 0.14178016152653392, "ys_std": 0.14178016152653392, "xs_std_err": 0.002280329240932073, "ys_std_err": 0.002252060975861521, "xs_std_ci": [0.1373624554926171, 0.14639025057495164], "ys_std_ci": [0.13746333220370463, 0.14622241767315516], "obs_phi": 