{"xs_std": 0.1411384701085825, "ys_std": 0.12395796821397523, "xs_std_err": 0.001656133435486416, "ys_std_err": 0.0014956998486010855, "xs_std_ci": [0.13786467738871577, 0.1444155431824313], "ys_std_ci": [0.12105359410389327, 0.12687612896235712], "obs_phi": 