{"xs_std": 0.1553812418477815, "ys_std": 0.09671908375298938, "xs_std_err": 0.0019569592248070175, "ys_std_err": 0.0011826647721134079, "xs_std_ci": [0.15164156688948852, 0.15921118992086886], "ys_std_ci": [0.09441563678413312, 0.09907498155078075], "obs_phi": 