{"xs_std": 0.295498389173107, "ys_std": 0.29149198631658885, "xs_std_err": 0.0038483045710343907, "ys_std_err": 0.0037623708865947765, "xs_std_ci": [0.2878535449672291, 0.3030544364182188], "ys_std_ci": [0.28420602034190967, 0.29890022458610044], "obs_phi": 