{"xs_std": 0.059692180730591994, "ys_std": 0.05788779449197787, "xs_std_err": 0.0010170733196143925, "ys_std_err": 0.0009752287447505073, "xs_std_ci": [0.05773513620279728, 0.06172814296107192], "ys_std_ci": [0.05601166229610249, 0.05980238125702819], "obs_phi": 