{"xs_std": 0.16533054422453516, "ys_std": 0.09598951901461752, "xs_std_err": 0.002267500399438856, "ys_std_err": 0.001391842463760162, "xs_std_ci": [0.16086629946280037, 0.1697331139550806], "ys_std_ci": [0.09332395950006238, 0.09883681589316243], "obs_phi": 