{"xs_std": 0.32540040210074506, "ys_std": 0.21096414665623986, "xs_std_err": 0.0043353145104401735, "ys_std_err": 0.0029921451777284802, "xs_std_ci": [0.3169937749925166, 0.3339845734996113], "ys_std_ci": [0.2051645814623086, 0.21691796234012367], "obs_phi": 