{"xs_std": 0.1994219918865918, "ys_std": 0.18712459351502742, "xs_std_err": 0.002582669906154705, "ys_std_err": 0.0023734269927622787, "xs_std_ci": [0.19458818539152115, 0.20466451097509708], "ys_std_ci": [0.18266437921253206, 0.19191565177986528], "obs_phi": 