{"xs_std": 0.15568265140551485, "ys_std": 0.1797406179955385, "xs_std_err": 0.001609240911855822, "ys_std_err": 0.0017971864281469112, "xs_std_ci": [0.15253251689886113, 0.15886493630935314], "ys_std_ci": [0.17622126609160707, 0.18325642225228284], "obs_phi": 