{"xs_std": 0.035187085835252346, "ys_std": 0.045051841209604974, "xs_std_err": 0.0005082444570532411, "ys_std_err": 0.0006471642125867456, "xs_std_ci": [0.034192281749841305, 0.03617796485531711], "ys_std_ci": [0.0438089294964248, 0.04632897523839673], "obs_phi": 