{"xs_std": 0.19339279214284835, "ys_std": 0.19223111564934406, "xs_std_err": 0.0018653897159601168, "ys_std_err": 0.001854082394911592, "xs_std_ci": [0.18979144702366663, 0.19701911877792957], "ys_std_ci": [0.1886875122732004, 0.19598995642406009], "obs_phi": 