{"xs_std": 0.15803544111214926, "ys_std": 0.09431445493963975, "xs_std_err": 0.0022858339586895975, "ys_std_err": 0.001392303428905143, "xs_std_ci": [0.15357314960114676, 0.16256303377004738], "ys_std_ci": [0.09154491576760551, 0.09703273115288491], "obs_phi": 