{"xs_std": 0.27673610975456076, "ys_std": 0.12217705911070631, "xs_std_err": 0.0026722655180987315, "ys_std_err": 0.001149379998351984, "xs_std_ci": [0.271538439004327, 0.2819627708020771], "ys_std_ci": [0.11997325951860446, 0.12447256363395151], "obs_phi": 