{"xs_std": 0.20329714445391886, "ys_std": 0.04670706044347454, "xs_std_err": 0.002746433924538441, "ys_std_err": 0.0006467223310001057, "xs_std_ci": [0.1979244823588135, 0.20874257299356322], "ys_std_ci": [0.045456474449280936, 0.04799972192881056], "obs_phi": 