{"xs_std": 0.16395633654538927, "ys_std": 0.09626189237740906, "xs_std_err": 0.0026145620304950093, "ys_std_err": 0.0018929984641604366, "xs_std_ci": [0.15899734849245545, 0.16921536427854836], "ys_std_ci": [0.09278131312336609, 0.10016415454835698], "obs_phi": 