{"xs_std": 0.3185475474866609, "ys_std": 0.21347038078491484, "xs_std_err": 0.004830940859442765, "ys_std_err": 0.0032388753250636184, "xs_std_ci": [0.30923830729515817, 0.3279719330418271], "ys_std_ci": [0.207077136234642, 0.21981050578378059], "obs_phi": 