{"xs_std": 0.05775698968814147, "ys_std": 0.05697272667672713, "xs_std_err": 0.0010388840576551616, "ys_std_err": 0.0010439610241143535, "xs_std_ci": [0.055739767140939, 0.05987733804524898], "ys_std_ci": [0.05496788534690519, 0.05905817447984149], "obs_phi": 