{"xs_std": 0.3241667424387983, "ys_std": 0.21447274871886862, "xs_std_err": 0.004359720872261401, "ys_std_err": 0.002835561906222281, "xs_std_ci": [0.3154396152868751, 0.3326775212840164], "ys_std_ci": [0.20899131080391453, 0.22000945020042956], "obs_phi": 