{"xs_std": 0.33173446884713625, "ys_std": 0.196247062135009, "xs_std_err": 0.004488170003670199, "ys_std_err": 0.002614859089979847, "xs_std_ci": [0.32288361366972257, 0.34056224861932677], "ys_std_ci": [0.1912175425743191, 0.20142341888685464], "obs_phi": 