{"xs_std": 0.34341760677629063, "ys_std": 0.24936717380764784, "xs_std_err": 0.00505834837269689, "ys_std_err": 0.0032291763061170617, "xs_std_ci": [0.33352762221144033, 0.35340794047256147], "ys_std_ci": [0.24296312026924385, 0.25565189481758954], "obs_phi": 