{"xs_std": 0.06098206195147641, "ys_std": 0.06061053003221967, "xs_std_err": 0.0013416006094653674, "ys_std_err": 0.001336118571674975, "xs_std_ci": [0.05841939443363979, 0.06369684948272726], "ys_std_ci": [0.05809337698103721, 0.06329536021496479], "obs_phi": 