{"xs_std": 0.06523383765704141, "ys_std": 0.04277079966489483, "xs_std_err": 0.0011219058289901576, "ys_std_err": 0.0007938860439631819, "xs_std_ci": [0.063064512724822, 0.06745759859858068], "ys_std_ci": [0.04121171330215865, 0.044373036030437775], "obs_phi": 