{"xs_std": 0.14241956678840606, "ys_std": 0.12805878064003373, "xs_std_err": 0.0019619621253949915, "ys_std_err": 0.0017702698113073719, "xs_std_ci": [0.13870169126683157, 0.14635033159840666], "ys_std_ci": [0.1245761780062597, 0.13153461352637746], "obs_phi": 