{"xs_std": 0.1544865053736033, "ys_std": 0.1187622249680378, "xs_std_err": 0.002102081641667415, "ys_std_err": 0.0013537251696499573, "xs_std_ci": [0.15048706941636106, 0.15866288399877368], "ys_std_ci": [0.1160746007094785, 0.12142851351011873], "obs_phi": 