{"xs_std": 0.024746741072556453, "ys_std": 0.03153059038748706, "xs_std_err": 0.00043970605051160813, "ys_std_err": 0.0005193015112995178, "xs_std_ci": [0.02390683237254041, 0.02561344309964045], "ys_std_ci": [0.03053664576591847, 0.03254983151971348], "obs_phi": 