{"xs_std": 0.08483883041016714, "ys_std": 0.008188427414119221, "xs_std_err": 0.0016870700138745427, "ys_std_err": 0.0001798718309561706, "xs_std_ci": [0.08160166776165591, 0.08811761885550323], "ys_std_ci": [0.007844628081974487, 0.008548047635257383], "obs_phi": 