{"xs_std": 0.2888466072360231, "ys_std": 0.28785568153168317, "xs_std_err": 0.0038260790291457496, "ys_std_err": 0.0037812796245177476, "xs_std_ci": [0.28166567428870026, 0.29670567602387954], "ys_std_ci": [0.2804998856398424, 0.2953019860177594], "obs_phi": 