{"xs_std": 0.2857690491400467, "ys_std": 0.28566076898800963, "xs_std_err": 0.0034481002576547005, "ys_std_err": 0.0034621038015641386, "xs_std_ci": [0.27899929926478984, 0.29253092412807696], "ys_std_ci": [0.2789032200963752, 0.29245045470411635], "obs_phi": 