{"xs_std": 0.014770064488595917, "ys_std": 0.018728236965648345, "xs_std_err": 0.0003188325980454304, "ys_std_err": 0.0003833500655315254, "xs_std_ci": [0.014165707694428344, 0.015420729943492216], "ys_std_ci": [0.018008193891778275, 0.01951935354194321], "obs_phi": 