{"xs_std": 0.33177188623426535, "ys_std": 0.20232475705112948, "xs_std_err": 0.004170562944416209, "ys_std_err": 0.002605827089035648, "xs_std_ci": [0.3234651915466854, 0.33978043875912195], "ys_std_ci": [0.19724291653261208, 0.207396102023676], "obs_phi": 