{"xs_std": 0.29333687052851004, "ys_std": 0.2823314007776354, "xs_std_err": 0.0040040626706659525, "ys_std_err": 0.003883919635683906, "xs_std_ci": [0.285445744461152, 0.3012656487172503], "ys_std_ci": [0.2747578697340494, 0.2900322277332474], "obs_phi": 