{"xs_std": 0.15820490110084984, "ys_std": 0.10469094751413116, "xs_std_err": 0.002004123462478954, "ys_std_err": 0.001625275922896369, "xs_std_ci": [0.1542691050428131, 0.1621043072682207], "ys_std_ci": [0.101597795938054, 0.10796923913935452], "obs_phi": 