{"xs_std": 0.30684843431642217, "ys_std": 0.23300188964951757, "xs_std_err": 0.0038730010846634777, "ys_std_err": 0.0029086484720461142, "xs_std_ci": [0.29926592271754826, 0.31450914698512233], "ys_std_ci": [0.22721953913499693, 0.2386965472457635], "obs_phi": 