{"xs_std": 0.318022660354941, "ys_std": 0.20922224112795856, "xs_std_err": 0.004395919729747416, "ys_std_err": 0.002994789123670457, "xs_std_ci": [0.3092094146000453, 0.3266156297799722], "ys_std_ci": [0.20348030818697913, 0.21517847726529216], "obs_phi": 