{"xs_std": 0.3463316152250617, "ys_std": 0.2252140297651669, "xs_std_err": 0.0073986800462441165, "ys_std_err": 0.0031067857909804733, "xs_std_ci": [0.332424377586839, 0.36152958563312965], "ys_std_ci": [0.21919263481674187, 0.231311941796918], "obs_phi": 