{"xs_std": 0.1486796033526284, "ys_std": 0.10766224761463668, "xs_std_err": 0.0018709582319233332, "ys_std_err": 0.0013590233261342492, "xs_std_ci": [0.1450694781329268, 0.15243469387475492], "ys_std_ci": [0.10504549812095751, 0.11035859495447894], "obs_phi": 