{"xs_std": 0.06652084771528609, "ys_std": 0.05346454529725283, "xs_std_err": 0.0022432677202967157, "ys_std_err": 0.0017675529706820264, "xs_std_ci": [0.062425461863302736, 0.0711660797239422], "ys_std_ci": [0.050251393584846454, 0.057189424232434595], "obs_phi": 