{"xs_std": 0.309346409093026, "ys_std": 0.23825475383408456, "xs_std_err": 0.0038104028589476544, "ys_std_err": 0.0029182984259255415, "xs_std_ci": [0.3019732263780615, 0.316771847058457], "ys_std_ci": [0.2324717306322657, 0.24399718241382343], "obs_phi": 