{"xs_std": 0.321730243745073, "ys_std": 0.19158109052306577, "xs_std_err": 0.00433441967616643, "ys_std_err": 0.0025674886733577937, "xs_std_ci": [0.3132609824978027, 0.33026706644742415], "ys_std_ci": [0.18647530948051164, 0.19655643224531993], "obs_phi": 