{"xs_std": 0.15410475907878665, "ys_std": 0.09104027281690498, "xs_std_err": 0.002315075584659624, "ys_std_err": 0.0012633950287929542, "xs_std_ci": [0.14967921956198219, 0.1587882556376965], "ys_std_ci": [0.08859675624451126, 0.09353512524927945], "obs_phi": 