{"xs_std": 0.0737920381636304, "ys_std": 0.04874121394121628, "xs_std_err": 0.0012077783601444363, "ys_std_err": 0.0007762269062059692, "xs_std_ci": [0.0714423429772792, 0.07619990350726757], "ys_std_ci": [0.047261807100257444, 0.05029817095070061], "obs_phi": 