{"xs_std": 0.2728766674965556, "ys_std": 0.0974021577375142, "xs_std_err": 0.0026864717755266825, "ys_std_err": 0.0009577729556102402, "xs_std_ci": [0.2675250585417364, 0.2781806615807483], "ys_std_ci": [0.09550005967793729, 0.09925252144202738], "obs_phi": 