{"xs_std": 0.30306188396813377, "ys_std": 0.2332026602203696, "xs_std_err": 0.004110644935925111, "ys_std_err": 0.0031742350284132636, "xs_std_ci": [0.2950150180313435, 0.3112580873179661], "ys_std_ci": [0.22718941625171568, 0.23951070242612094], "obs_phi": 