{"xs_std": 0.32921201690481966, "ys_std": 0.19391354383999304, "xs_std_err": 0.004554221959842426, "ys_std_err": 0.0025972758096042894, "xs_std_ci": [0.32034136620348763, 0.33819311237498595], "ys_std_ci": [0.18896469518389145, 0.19900721458021572], "obs_phi": 