{"xs_std": 0.2691396000992299, "ys_std": 0.2675120155140655, "xs_std_err": 0.0031738859655689863, "ys_std_err": 0.0030882202814117676, "xs_std_ci": [0.26295371357509084, 0.2754509241583193], "ys_std_ci": [0.2614085683545235, 0.27355935631642403], "obs_phi": 