{"xs_std": 0.32834500757722246, "ys_std": 0.21995802533844036, "xs_std_err": 0.004739185459237803, "ys_std_err": 0.003091990276651293, "xs_std_ci": [0.3192663797582672, 0.33771792751812024], "ys_std_ci": [0.214053276656714, 0.2261667678661165], "obs_phi": 