{"xs_std": 0.19704267826512106, "ys_std": 0.028947404877238153, "xs_std_err": 0.002270685904022242, "ys_std_err": 0.00031789290100706584, "xs_std_ci": [0.1926364305439477, 0.2014624444267563], "ys_std_ci": [0.028324733958424914, 0.029574552943945637], "obs_phi": 