{"xs_std": 0.05374788092582104, "ys_std": 0.0595931980290695, "xs_std_err": 0.0009681385026512124, "ys_std_err": 0.0010912542658492188, "xs_std_ci": [0.051885956102345976, 0.055704685365436955], "ys_std_ci": [0.057509425368407835, 0.06179464817137909], "obs_phi": 