{"xs_std": 0.28418590069047334, "ys_std": 0.2815250451680227, "xs_std_err": 0.0035617344892315598, "ys_std_err": 0.0035576059244484524, "xs_std_ci": [0.2773258856321099, 0.29120339798074607], "ys_std_ci": [0.2745340593332416, 0.2884379391946368], "obs_phi": 