{"xs_std": 0.13181136470101787, "ys_std": 0.14082413245895892, "xs_std_err": 0.0017237024226790748, "ys_std_err": 0.0018099330044807696, "xs_std_ci": [0.12848297257871572, 0.1351652387427108], "ys_std_ci": [0.13728074770262919, 0.1443034888410129], "obs_phi": 