{"xs_std": 0.28478435124109025, "ys_std": 0.21099305632714416, "xs_std_err": 0.0035429994107987733, "ys_std_err": 0.002663901373412052, "xs_std_ci": [0.27788747291354876, 0.2916830891300993], "ys_std_ci": [0.2057905058354928, 0.21613844515476602], "obs_phi": 