{"xs_std": 0.06549479362130815, "ys_std": 0.04025752319433735, "xs_std_err": 0.0009465304729897283, "ys_std_err": 0.0007799667757107216, "xs_std_ci": [0.06361035772300833, 0.0673518869226059], "ys_std_ci": [0.03876128433528802, 0.04179121734343527], "obs_phi": 