{"xs_std": 0.13169258556540434, "ys_std": 0.12775196453696078, "xs_std_err": 0.0015206847846082373, "ys_std_err": 0.0014901899129349666, "xs_std_ci": [0.12870870643678617, 0.13461725678425387], "ys_std_ci": [0.12480470991925964, 0.1307092188329553], "obs_phi": 