{"xs_std": 0.02814802939075522, "ys_std": 0.03444264571937481, "xs_std_err": 0.000330129938772815, "ys_std_err": 0.00040003222197924443, "xs_std_ci": [0.02749578203309545, 0.02878340838467204], "ys_std_ci": [0.03364996202247991, 0.03523069877283715], "obs_phi": 