{"xs_std": 0.2842118980690281, "ys_std": 0.26645432892064336, "xs_std_err": 0.0038162396877248978, "ys_std_err": 0.003575145475960658, "xs_std_ci": [0.2768988962596308, 0.29175859048532266], "ys_std_ci": [0.2595652245500543, 0.27351898502478067], "obs_phi": 