{"xs_std": 0.03162074948605493, "ys_std": 0.03978778585734712, "xs_std_err": 0.0005239663795894145, "ys_std_err": 0.0006228562248843983, "xs_std_ci": [0.03063141100783021, 0.032687085795575235], "ys_std_ci": [0.038610364544081656, 0.04103306117147943], "obs_phi": 