{"xs_std": 0.22349993331007756, "ys_std": 0.1279694713217877, "xs_std_err": 0.0024722225414317745, "ys_std_err": 0.0014202496178886332, "xs_std_ci": [0.21862828442411505, 0.22838623806501052], "ys_std_ci": [0.12522098098858347, 0.13080796064112987], "obs_phi": 