{"xs_std": 0.31978283172283534, "ys_std": 0.23666521100002705, "xs_std_err": 0.004458815616100847, "ys_std_err": 0.0033623853420909995, "xs_std_ci": [0.31103825778619765, 0.3286800124776216], "ys_std_ci": [0.23021270396092913, 0.24329813863116595], "obs_phi": 