{"xs_std": 0.3239420661933739, "ys_std": 0.19338606801023522, "xs_std_err": 0.004397383466705554, "ys_std_err": 0.002523705428046027, "xs_std_ci": [0.31529424622386626, 0.3326358021380255], "ys_std_ci": [0.18848967827885932, 0.1983868670054161], "obs_phi": 