{"xs_std": 0.21388751080852758, "ys_std": 0.12586991915343626, "xs_std_err": 0.002177777998481595, "ys_std_err": 0.0011897636449528697, "xs_std_ci": [0.20972505512915163, 0.21821447311182635], "ys_std_ci": [0.12353832833156574, 0.12820083336329532], "obs_phi": 