{"xs_std": 0.0641480629341704, "ys_std": 0.04936213468420097, "xs_std_err": 0.0013748226783240622, "ys_std_err": 0.0010627227602096243, "xs_std_ci": [0.06152522555578266, 0.06687469034490243], "ys_std_ci": [0.04736258242207791, 0.0514967483155185], "obs_phi": 