{"xs_std": 0.1649919807477295, "ys_std": 0.09514896400265113, "xs_std_err": 0.00202453675505761, "ys_std_err": 0.0012742358214606125, "xs_std_ci": [0.16100620799796247, 0.1690090660761861], "ys_std_ci": [0.0926392470778343, 0.09766056773836186], "obs_phi": 