{"xs_std": 0.15503918676910047, "ys_std": 0.1163875249300639, "xs_std_err": 0.0019882387532558256, "ys_std_err": 0.0017450676171961188, "xs_std_ci": [0.15120167851376806, 0.15903996954546717], "ys_std_ci": [0.11304988399961463, 0.11995334974038728], "obs_phi": 