{"xs_std": 0.33940214883248965, "ys_std": 0.19706546210453274, "xs_std_err": 0.004914164834625427, "ys_std_err": 0.0026097157661230295, "xs_std_ci": [0.3298277539553403, 0.34912479741372626], "ys_std_ci": [0.19204444517782843, 0.20230206824254643], "obs_phi": 