{"xs_std": 0.2895059053345911, "ys_std": 0.2420352962155258, "xs_std_err": 0.004143537979062109, "ys_std_err": 0.0034203472651554664, "xs_std_ci": [0.2815592048668729, 0.29765056078608576], "ys_std_ci": [0.23537637337245843, 0.24873936024300064], "obs_phi": 