{"xs_std": 0.08672537500879896, "ys_std": 0.03816899985179995, "xs_std_err": 0.0022130204491209297, "ys_std_err": 0.0008953020648074646, "xs_std_ci": [0.08266739572179, 0.09138637972802871], "ys_std_ci": [0.036552063989203444, 0.04005652238340482], "obs_phi": 