{"xs_std": 0.06502574554691974, "ys_std": 0.05660526429669333, "xs_std_err": 0.0009693934625763034, "ys_std_err": 0.0008054356536487884, "xs_std_ci": [0.0631210312202819, 0.06692549545534278], "ys_std_ci": [0.055006784206940634, 0.058175936466660985], "obs_phi": 