{"xs_std": 0.22659407320159117, "ys_std": 0.13323729147711716, "xs_std_err": 0.002228199420140766, "ys_std_err": 0.0014545160969137957, "xs_std_ci": [0.22219728029703095, 0.23095878500889647], "ys_std_ci": [0.1304045139469893, 0.1361377175140596], "obs_phi": 