{"xs_std": 0.1539415536206944, "ys_std": 0.11557553019360922, "xs_std_err": 0.0018541128097156238, "ys_std_err": 0.0014101777092403846, "xs_std_ci": [0.15028539460990875, 0.15759694464968282], "ys_std_ci": [0.11280977415730956, 0.11837065772405034], "obs_phi": 