{"xs_std": 0.07051724967466788, "ys_std": 0.04343007838096755, "xs_std_err": 0.0013973577942281285, "ys_std_err": 0.0012164518359682075, "xs_std_ci": [0.067784425774809, 0.07329223051946208], "ys_std_ci": [0.0412216177136507, 0.045973517719146345], "obs_phi": 