{"xs_std": 0.12068325235913373, "ys_std": 0.13367531817461586, "xs_std_err": 0.0014900297342881799, "ys_std_err": 0.0015747638395005555, "xs_std_ci": [0.11778937425603396, 0.12361901151340357], "ys_std_ci": [0.1305702992491199, 0.13674549304185796], "obs_phi": 