{"xs_std": 0.2987484425190636, "ys_std": 0.2639029127588053, "xs_std_err": 0.003742827824766773, "ys_std_err": 0.0032544888248518568, "xs_std_ci": [0.2913516189383622, 0.30607392557346097], "ys_std_ci": [0.257537509243205, 0.27019104019485674], "obs_phi": 