{"xs_std": 0.0663787312431866, "ys_std": 0.05513682258021258, "xs_std_err": 0.001488580635532931, "ys_std_err": 0.001251892555434885, "xs_std_ci": [0.06353296008754199, 0.06935352159987979], "ys_std_ci": [0.05269452510390932, 0.057633993374042], "obs_phi": 