{"xs_std": 0.32597965764950715, "ys_std": 0.18897636807222018, "xs_std_err": 0.004883642205678023, "ys_std_err": 0.0025017144567577574, "xs_std_ci": [0.31654284045376135, 0.3358472993353053], "ys_std_ci": [0.18412097964120192, 0.19400836334105198], "obs_phi": 