{"xs_std": 0.2519757455629985, "ys_std": 0.1724825597952923, "xs_std_err": 0.0024850981002741625, "ys_std_err": 0.0017141357164248254, "xs_std_ci": [0.24706783423054893, 0.2568200664148951], "ys_std_ci": [0.1691267855954977, 0.17575808426060494], "obs_phi": 