{"xs_std": 0.03254123431757845, "ys_std": 0.04120400783652415, "xs_std_err": 0.0006476491940692746, "ys_std_err": 0.0007856631369065614, "xs_std_ci": [0.031299898849356834, 0.03381747213754568], "ys_std_ci": [0.03972133100565914, 0.042826869603883044], "obs_phi": 