{"xs_std": 0.19653035777962263, "ys_std": 0.0693022361288075, "xs_std_err": 0.002241014531724072, "ys_std_err": 0.0007959498695034794, "xs_std_ci": [0.19206115416870118, 0.2009185942871706], "ys_std_ci": [0.06773292053648133, 0.07084388399310106], "obs_phi": 