{"xs_std": 0.021689544512661744, "ys_std": 0.024563654644105443, "xs_std_err": 0.00040854791782272775, "ys_std_err": 0.00042235779134627263, "xs_std_ci": [0.020917538522595577, 0.022515871601425638], "ys_std_ci": [0.023756730834668068, 0.02542574253946675], "obs_phi": 