{"xs_std": 0.21299819574677736, "ys_std": 0.128931717432563, "xs_std_err": 0.0021255228571797624, "ys_std_err": 0.001377550002617792, "xs_std_ci": [0.20877655405964957, 0.21717827835223175], "ys_std_ci": [0.1262560523256411, 0.1316690298338808], "obs_phi": 