{"xs_std": 0.029733229007990074, "ys_std": 0.03386288365054728, "xs_std_err": 0.00028081590086789733, "ys_std_err": 0.0003213555606621572, "xs_std_ci": [0.02918317671536811, 0.030283267246145624], "ys_std_ci": [0.033217515807485415, 0.03449145179663164], "obs_phi": 