{"xs_std": 0.1613210179436652, "ys_std": 0.0934627645465046, "xs_std_err": 0.002217011341342963, "ys_std_err": 0.001249236182032274, "xs_std_ci": [0.15715445249525992, 0.16576665732745507], "ys_std_ci": [0.09103703415594602, 0.09596519401549279], "obs_phi": 