{"xs_std": 0.3201735330071685, "ys_std": 0.19738004266341083, "xs_std_err": 0.004053971278165328, "ys_std_err": 0.0023918174087083407, "xs_std_ci": [0.31224707351956565, 0.3281753907126569], "ys_std_ci": [0.19272807851704174, 0.20206995662243207], "obs_phi": 