{"xs_std": 0.3451805090936723, "ys_std": 0.2626152917237637, "xs_std_err": 0.004591165807850031, "ys_std_err": 0.003548451049727766, "xs_std_ci": [0.3363111747640648, 0.35409377851300405], "ys_std_ci": [0.2557892990755152, 0.269736808725414], "obs_phi": 