{"xs_std": 0.08285390411887206, "ys_std": 0.01443778794181996, "xs_std_err": 0.0012197053557689653, "ys_std_err": 0.0002089273276437303, "xs_std_ci": [0.08047934137200172, 0.0852197220146305], "ys_std_ci": [0.01403053892651799, 0.014848230113794486], "obs_phi": 