{"xs_std": 0.06819964031495963, "ys_std": 0.04102143856595117, "xs_std_err": 0.0011829263557000082, "ys_std_err": 0.0009344171275258182, "xs_std_ci": [0.06592446630613022, 0.0705875663179407], "ys_std_ci": [0.03934274713494354, 0.04300782230447302], "obs_phi": 