{"xs_std": 0.14838440113126708, "ys_std": 0.09940104300255607, "xs_std_err": 0.0018557485046151107, "ys_std_err": 0.001200638967388241, "xs_std_ci": [0.1447742007342024, 0.15203003884055918], "ys_std_ci": [0.09708975710136969, 0.1017927362146527], "obs_phi": 