{"xs_std": 0.25829185984021863, "ys_std": 0.13961992301292145, "xs_std_err": 0.0025205105304321497, "ys_std_err": 0.0013707200328981007, "xs_std_ci": [0.25343715234936637, 0.26331596456448103], "ys_std_ci": [0.13696886976813374, 0.1423239757451798], "obs_phi": 