{"xs_std": 0.07302658410918803, "ys_std": 0.04209063518179818, "xs_std_err": 0.0016623751626533782, "ys_std_err": 0.0008159899965340312, "xs_std_ci": [0.06984690580839034, 0.07640289923278429], "ys_std_ci": [0.0405223646737546, 0.043716558909354074], "obs_phi": 