{"xs_std": 0.058223840888438724, "ys_std": 0.05820175047953475, "xs_std_err": 0.0007865813742658589, "ys_std_err": 0.0007887959045756954, "xs_std_ci": [0.05668346753731849, 0.05974653105666052], "ys_std_ci": [0.05666260583636954, 0.059744378486058604], "obs_phi": 