{"xs_std": 0.15960376849010746, "ys_std": 0.09420706511548028, "xs_std_err": 0.0021550858303108307, "ys_std_err": 0.001414648722233071, "xs_std_ci": [0.15535885936459126, 0.1638691991679975], "ys_std_ci": [0.09144056784835196, 0.09700951340177674], "obs_phi": 