{"xs_std": 0.32433017309006423, "ys_std": 0.18167001177486403, "xs_std_err": 0.0047237234328712276, "ys_std_err": 0.00238959956085086, "xs_std_ci": [0.3151108110098789, 0.33356318212949626], "ys_std_ci": [0.17702418516293122, 0.18634008065591753], "obs_phi": 