{"xs_std": 0.3223718333913738, "ys_std": 0.19150104874317683, "xs_std_err": 0.0044647114249758224, "ys_std_err": 0.002615200132608622, "xs_std_ci": [0.3136581250223803, 0.33107126922178004], "ys_std_ci": [0.18641417441065858, 0.19671205833806088], "obs_phi": 