{"xs_std": 0.15399929152983274, "ys_std": 0.0911622759998817, "xs_std_err": 0.0019333987187585603, "ys_std_err": 0.0011815181178935462, "xs_std_ci": [0.15021935241793657, 0.15779157484624662], "ys_std_ci": [0.08888908818411613, 0.09350986386036446], "obs_phi": 