{"xs_std": 0.3376438342148582, "ys_std": 0.26520553983436446, "xs_std_err": 0.0045491793224241815, "ys_std_err": 0.0035966457056759308, "xs_std_ci": [0.3289466441463081, 0.34679818638020865], "ys_std_ci": [0.2581938971847074, 0.27233563132936756], "obs_phi": 