{"xs_std": 0.29569647381837716, "ys_std": 0.29569647381837716, "xs_std_err": 0.004074316052200485, "ys_std_err": 0.004115486779063733, "xs_std_ci": [0.2878580198126637, 0.3037579853533466], "ys_std_ci": [0.28758391975513337, 0.30373326387925936], "obs_phi": 