{"xs_std": 0.32615464704536923, "ys_std": 0.18822311181503992, "xs_std_err": 0.004486630238206581, "ys_std_err": 0.0023644360771151547, "xs_std_ci": [0.31731389835715307, 0.3348826552917984], "ys_std_ci": [0.1836439340481184, 0.19300198775750993], "obs_phi": 