{"xs_std": 0.16089241385654085, "ys_std": 0.11657003849547959, "xs_std_err": 0.0022539468275170776, "ys_std_err": 0.0014619093250933354, "xs_std_ci": [0.1565617419452294, 0.16541501291925664], "ys_std_ci": [0.11368020993768083, 0.11944194378143098], "obs_phi": 