{"xs_std": 0.15665603528998073, "ys_std": 0.09302191429407856, "xs_std_err": 0.0021044930567175996, "ys_std_err": 0.0011352770516610358, "xs_std_ci": [0.15265005622581174, 0.16088164340828973], "ys_std_ci": [0.09080833391208179, 0.09529523063609774], "obs_phi": 