{"xs_std": 0.1539123316614166, "ys_std": 0.09723167170820518, "xs_std_err": 0.001913382829168702, "ys_std_err": 0.001209526258826461, "xs_std_ci": [0.15017844529016408, 0.15766400764524627], "ys_std_ci": [0.09486702404487181, 0.09960126841127165], "obs_phi": 