{"xs_std": 0.32246586218392437, "ys_std": 0.2367731761181315, "xs_std_err": 0.00403358163756088, "ys_std_err": 0.0029193893117345445, "xs_std_ci": [0.31452722632298497, 0.33042342611924813], "ys_std_ci": [0.23110537558856428, 0.24253072653970018], "obs_phi": 