{"xs_std": 0.18951409757830426, "ys_std": 0.07843353174603482, "xs_std_err": 0.0022342335649161407, "ys_std_err": 0.0008956742107942849, "xs_std_ci": [0.1851849710195379, 0.1939707235349713], "ys_std_ci": [0.07666131194578457, 0.08019981444769242], "obs_phi": 