{"xs_std": 0.18049961681973992, "ys_std": 0.12259242850177693, "xs_std_err": 0.0020972391915511077, "ys_std_err": 0.0014490759430874824, "xs_std_ci": [0.17643729965136437, 0.1846314495774843], "ys_std_ci": [0.11971970010016461, 0.1254237937342841], "obs_phi": 