{"xs_std": 0.2964849714885079, "ys_std": 0.26566502772156925, "xs_std_err": 0.004163952511531078, "ys_std_err": 0.0038300681213371984, "xs_std_ci": [0.2883684084221532, 0.3046704132212405], "ys_std_ci": [0.25823755240972657, 0.2733019077683356], "obs_phi": 