{"xs_std": 0.21513307724009978, "ys_std": 0.12755147680582693, "xs_std_err": 0.0021693664823237042, "ys_std_err": 0.0013086473818325606, "xs_std_ci": [0.21095019479800878, 0.21942332083019292], "ys_std_ci": [0.12495488070355273, 0.13009690449613776], "obs_phi": 