{"xs_std": 0.2699944358948442, "ys_std": 0.2698917869462766, "xs_std_err": 0.0031865475207108257, "ys_std_err": 0.003188258587613362, "xs_std_ci": [0.2637956594686307, 0.27624334283307056], "ys_std_ci": [0.2636336919546089, 0.27610510163996826], "obs_phi": 