{"xs_std": 0.3348184023353552, "ys_std": 0.21619012200326426, "xs_std_err": 0.0043886190298523895, "ys_std_err": 0.0027890049222701082, "xs_std_ci": [0.3262776385438965, 0.3434316719705088], "ys_std_ci": [0.21073768923167013, 0.22171020951353226], "obs_phi": 