{"xs_std": 0.11666916677236161, "ys_std": 0.1478369741249977, "xs_std_err": 0.0011104433614299277, "ys_std_err": 0.0014107065690170788, "xs_std_ci": [0.1145200950572025, 0.11889403109656843], "ys_std_ci": [0.1450330529140687, 0.15061653331784028], "obs_phi": 