{"xs_std": 0.06507246953800648, "ys_std": 0.0447125013480188, "xs_std_err": 0.0010576314064194932, "ys_std_err": 0.0007312327069126534, "xs_std_ci": [0.06299881033809153, 0.06717951353069132], "ys_std_ci": [0.04329517624481482, 0.04617832349910841], "obs_phi": 