{"xs_std": 0.21589881936125035, "ys_std": 0.020399100420225254, "xs_std_err": 0.003025069122946171, "ys_std_err": 0.00032617393621754915, "xs_std_ci": [0.20999771797864292, 0.22180381929378523], "ys_std_ci": [0.019777069208498747, 0.021043935309403555], "obs_phi": 