{"xs_std": 0.14766628727678519, "ys_std": 0.10325461654093189, "xs_std_err": 0.001813301964530984, "ys_std_err": 0.0012595898075118057, "xs_std_ci": [0.1441799037524284, 0.1512566997829], "ys_std_ci": [0.10079930122736527, 0.1057498984851298], "obs_phi": 