{"xs_std": 0.16345250796775607, "ys_std": 0.11464602808742132, "xs_std_err": 0.0027971210888234487, "ys_std_err": 0.0020063513243847786, "xs_std_ci": [0.15815484293053372, 0.16909092495290076], "ys_std_ci": [0.11083704692044555, 0.11882612298689212], "obs_phi": 