{"xs_std": 0.22129400671960137, "ys_std": 0.12887338449881494, "xs_std_err": 0.0022378638590510166, "ys_std_err": 0.001250747694597546, "xs_std_ci": [0.21692442552670876, 0.22562120183816797], "ys_std_ci": [0.1264119973403157, 0.13129335684018015], "obs_phi": 