{"xs_std": 0.17262339466971344, "ys_std": 0.12088539313131322, "xs_std_err": 0.0020911212557766755, "ys_std_err": 0.0014501152655149684, "xs_std_ci": [0.168453258041501, 0.17667584202794898], "ys_std_ci": [0.1180247595773484, 0.12370658966784724], "obs_phi": 