{"xs_std": 0.058664053781988496, "ys_std": 0.051497452404240585, "xs_std_err": 0.0008317309296256453, "ys_std_err": 0.0007365108122060948, "xs_std_ci": [0.05704201232344607, 0.06027767627598989], "ys_std_ci": [0.0500798504073418, 0.052959139903575335], "obs_phi": 