{"xs_std": 0.06278926388601248, "ys_std": 0.03886953081672226, "xs_std_err": 0.0010847630459456577, "ys_std_err": 0.0006594174097399067, "xs_std_ci": [0.060681394816253065, 0.06492679687771545], "ys_std_ci": [0.03757796129825763, 0.040183742645583546], "obs_phi": 