{"xs_std": 0.25905223665719634, "ys_std": 0.15767171190886323, "xs_std_err": 0.002529661649043314, "ys_std_err": 0.001494271587909449, "xs_std_ci": [0.25413781588049356, 0.26402801221183875], "ys_std_ci": [0.15475997939337482, 0.16060832879428566], "obs_phi": 