{"xs_std": 0.3255249062926853, "ys_std": 0.18746958622469057, "xs_std_err": 0.004845551992766078, "ys_std_err": 0.0025820652549104236, "xs_std_ci": [0.3163163857709204, 0.3352438109238727], "ys_std_ci": [0.18253624818060502, 0.19257759446710862], "obs_phi": 