{"xs_std": 0.18508396008776, "ys_std": 0.11213924018131335, "xs_std_err": 0.002213973501777908, "ys_std_err": 0.0013344345585533607, "xs_std_ci": [0.1807925603935546, 0.1894865311372576], "ys_std_ci": [0.10954570439970913, 0.11477821113859352], "obs_phi": 