{"xs_std": 0.3341666130230647, "ys_std": 0.19022611852723892, "xs_std_err": 0.004421669122134516, "ys_std_err": 0.002558964429986651, "xs_std_ci": [0.32560907486159757, 0.3430504438508426], "ys_std_ci": [0.18526330293894394, 0.1952330843118895], "obs_phi": 