{"xs_std": 0.1618282530136199, "ys_std": 0.09473995537655173, "xs_std_err": 0.0021027924746421494, "ys_std_err": 0.0013230102681799454, "xs_std_ci": [0.15768373992641693, 0.16595639001250528], "ys_std_ci": [0.09216258201208978, 0.09732604142750673], "obs_phi": 