{"xs_std": 0.3326845525062012, "ys_std": 0.25173092025678995, "xs_std_err": 0.004303775623393267, "ys_std_err": 0.003097471948163913, "xs_std_ci": [0.32436125183782627, 0.3411987316603696], "ys_std_ci": [0.24562261267593938, 0.25777112781972744], "obs_phi": 