{"xs_std": 0.22244673042590096, "ys_std": 0.19765394922214055, "xs_std_err": 0.003160204317468661, "ys_std_err": 0.002779064316786226, "xs_std_ci": [0.2164554084262468, 0.22884159902697], "ys_std_ci": [0.19251640720244675, 0.20335689359474027], "obs_phi": 