{"xs_std": 0.13837981915331032, "ys_std": 0.13816998170069017, "xs_std_err": 0.0017138543585442912, "ys_std_err": 0.0017049649083482447, "xs_std_ci": [0.1350562726576764, 0.14177603661654045], "ys_std_ci": [0.13488423309331904, 0.14149450399332175], "obs_phi": 