{"xs_std": 0.2151076845079794, "ys_std": 0.127827606096502, "xs_std_err": 0.0020892821098685765, "ys_std_err": 0.0016725651270080339, "xs_std_ci": [0.21104748031095297, 0.21919084481601128], "ys_std_ci": [0.12468749086401329, 0.13120467809599798], "obs_phi": 