{"xs_std": 0.21010545792319077, "ys_std": 0.20512336861808897, "xs_std_err": 0.0020845964414830105, "ys_std_err": 0.0020555717877878232, "xs_std_ci": [0.20605950971552356, 0.21414221042313536], "ys_std_ci": [0.20112752309665852, 0.20915946355336618], "obs_phi": 