{"xs_std": 0.20351118669893004, "ys_std": 0.008898750860939596, "xs_std_err": 0.0024453858517422856, "ys_std_err": 0.0001132798311067559, "xs_std_ci": [0.19869122255910932, 0.20827528302359166], "ys_std_ci": [0.008680450696359136, 0.009123079595780102], "obs_phi": 