{"xs_std": 0.1686915879636257, "ys_std": 0.11693765091386109, "xs_std_err": 0.002400768409842968, "ys_std_err": 0.0014183487017155204, "xs_std_ci": [0.1640840189626816, 0.1734418731155515], "ys_std_ci": [0.11415165163541172, 0.1197592601538581], "obs_phi": 