{"xs_std": 0.15586771555811854, "ys_std": 0.12065446911702216, "xs_std_err": 0.002770981738264357, "ys_std_err": 0.0022915802638536903, "xs_std_ci": [0.15071570254359593, 0.1616379816478251], "ys_std_ci": [0.11638490363637212, 0.1253492472374269], "obs_phi": 