{"xs_std": 0.15029452924033118, "ys_std": 0.09920570834368918, "xs_std_err": 0.0017878597316651615, "ys_std_err": 0.0012880400033337847, "xs_std_ci": [0.14676320134821055, 0.1537963560110753], "ys_std_ci": [0.09669696489673102, 0.10176095655499377], "obs_phi": 