{"xs_std": 0.3060513581133961, "ys_std": 0.23094290399865908, "xs_std_err": 0.004747054625807795, "ys_std_err": 0.0038806465308445547, "xs_std_ci": [0.2968721901881605, 0.3155377881141256], "ys_std_ci": [0.22370090833141001, 0.23883212298265138], "obs_phi": 