{"xs_std": 0.164372089106527, "ys_std": 0.12771283328201818, "xs_std_err": 0.002039608343171909, "ys_std_err": 0.0016897004724002022, "xs_std_ci": [0.16045457699886478, 0.16839473839869473], "ys_std_ci": [0.12445063861866093, 0.1310300201645662], "obs_phi": 