{"xs_std": 0.07034407409006248, "ys_std": 0.04217860149314913, "xs_std_err": 0.003051350880648353, "ys_std_err": 0.0019280779704600609, "xs_std_ci": [0.06498908987748284, 0.076750205139937], "ys_std_ci": [0.039033303931574254, 0.0464834989969489], "obs_phi": 