{"xs_std": 0.07011145209222393, "ys_std": 0.08979834055556804, "xs_std_err": 0.0013908838866680308, "ys_std_err": 0.0016989855790131847, "xs_std_ci": [0.06763240960089159, 0.0730538336900276], "ys_std_ci": [0.08670832581188774, 0.09331588969891698], "obs_phi": 