{"xs_std": 0.01882248910760918, "ys_std": 0.024036835434292962, "xs_std_err": 0.0003030419809517979, "ys_std_err": 0.0003660966435780487, "xs_std_ci": [0.018235187292231687, 0.01942491161100486], "ys_std_ci": [0.02332886520952106, 0.024763028840214876], "obs_phi": 