{"xs_std": 0.15296226710112443, "ys_std": 0.09208699098115064, "xs_std_err": 0.0019224140838703166, "ys_std_err": 0.001320630083131599, "xs_std_ci": [0.14916103379444118, 0.15668393615568948], "ys_std_ci": [0.08962252177188318, 0.09474318261529265], "obs_phi": 