{"xs_std": 0.311425274209311, "ys_std": 0.1993120017016939, "xs_std_err": 0.004109614166013125, "ys_std_err": 0.0026320770937881184, "xs_std_ci": [0.30330264397106266, 0.31939120519235953], "ys_std_ci": [0.19411148265966366, 0.20450673321884036], "obs_phi": 