{"xs_std": 0.274004672930537, "ys_std": 0.27234217801935506, "xs_std_err": 0.003276016675585003, "ys_std_err": 0.0032811154097800326, "xs_std_ci": [0.2676011000568573, 0.2804154302190089], "ys_std_ci": [0.2660402424589737, 0.2788568323837696], "obs_phi": 