{"xs_std": 0.06378189919279262, "ys_std": 0.05664300490125589, "xs_std_err": 0.0012381130120934871, "ys_std_err": 0.0011314325678352, "xs_std_ci": [0.06137442894821249, 0.06622863969671311], "ys_std_ci": [0.054443351445947544, 0.05889311690016323], "obs_phi": 