{"xs_std": 0.08395051189260475, "ys_std": 0.028275903152415818, "xs_std_err": 0.0015025456931610879, "ys_std_err": 0.0005099579580379497, "xs_std_ci": [0.08107494710653058, 0.08696003124809135], "ys_std_ci": [0.02731104679366245, 0.029312329896583257], "obs_phi": 