{"xs_std": 0.2866385146805977, "ys_std": 0.05767063978829222, "xs_std_err": 0.0031720057719933845, "ys_std_err": 0.00064985236578145, "xs_std_ci": [0.2805540182059666, 0.2929348455337168], "ys_std_ci": [0.05642123953199476, 0.05897882685126769], "obs_phi": 