{"xs_std": 0.28689236512350247, "ys_std": 0.008030423707661207, "xs_std_err": 0.0029423228869878697, "ys_std_err": 8.048573719438865e-05, "xs_std_ci": [0.28121127134635165, 0.292647764200244], "ys_std_ci": [0.007870142375524995, 0.008189315039938576], "obs_phi": 