{"xs_std": 0.07471344022354941, "ys_std": 0.04986582307758939, "xs_std_err": 0.0011601878191303528, "ys_std_err": 0.0007818824081885248, "xs_std_ci": [0.07244990734064326, 0.07699171247109704], "ys_std_ci": [0.04832749667838202, 0.05141227468175704], "obs_phi": 