{"xs_std": 0.0588019203105044, "ys_std": 0.04620000522677855, "xs_std_err": 0.0008747327470827051, "ys_std_err": 0.0007082777723637094, "xs_std_ci": [0.05710147331658017, 0.060535749529902594], "ys_std_ci": [0.044839290862330405, 0.04760698037112076], "obs_phi": 