{"xs_std": 0.02685828404273266, "ys_std": 0.032154509877482945, "xs_std_err": 0.00033702938942496144, "ys_std_err": 0.00039070643585041045, "xs_std_ci": [0.02620400603487003, 0.027515830624949986], "ys_std_ci": [0.031400918027306005, 0.03295590261721933], "obs_phi": 