{"xs_std": 0.15058188693743618, "ys_std": 0.13539658163004142, "xs_std_err": 0.0018328387866085804, "ys_std_err": 0.0016241741285893205, "xs_std_ci": [0.14701517200183328, 0.15420954665688688], "ys_std_ci": [0.13223365363405365, 0.13866016066210798], "obs_phi": 