{"xs_std": 0.1547803404297889, "ys_std": 0.10304424384613238, "xs_std_err": 0.002058035880850323, "ys_std_err": 0.0013885568610416863, "xs_std_ci": [0.1508055205394159, 0.1588552380527677], "ys_std_ci": [0.10033819625979187, 0.10580597569623541], "obs_phi": 