{"xs_std": 0.2176045133118266, "ys_std": 0.15548351953788536, "xs_std_err": 0.0023077615893005833, "ys_std_err": 0.0016420045337055514, "xs_std_ci": [0.21303357264400558, 0.22222234130908944], "ys_std_ci": [0.1523135675539539, 0.15875667181682865], "obs_phi": 