{"xs_std": 0.20967355486199535, "ys_std": 0.1480431570498263, "xs_std_err": 0.002237447117516269, "ys_std_err": 0.0015372118504462, "xs_std_ci": [0.20531566677331395, 0.21416408985316177], "ys_std_ci": [0.145049881086526, 0.15101372488116224], "obs_phi": 