{"xs_std": 0.1683643591775966, "ys_std": 0.13198994653508112, "xs_std_err": 0.001931880132795765, "ys_std_err": 0.001481514376193837, "xs_std_ci": [0.16458897362267857, 0.1722542685908236], "ys_std_ci": [0.1290518434928568, 0.13482923241663644], "obs_phi": 