{"xs_std": 0.2003855668947845, "ys_std": 0.1842562369960203, "xs_std_err": 0.0020541948356350955, "ys_std_err": 0.0018576673488648076, "xs_std_ci": [0.19639774542461638, 0.20446314024785364], "ys_std_ci": [0.1806213692197575, 0.1878537638293692], "obs_phi": 