{"xs_std": 0.33904406931402037, "ys_std": 0.22740355512863614, "xs_std_err": 0.00440540265546654, "ys_std_err": 0.003237406374870007, "xs_std_ci": [0.3302787827981341, 0.3478663685776711], "ys_std_ci": [0.22121573794799088, 0.2338706878373344], "obs_phi": 