{"xs_std": 0.14415194206114512, "ys_std": 0.10763477583802207, "xs_std_err": 0.001924713411550108, "ys_std_err": 0.0014950278755824402, "xs_std_ci": [0.14041487005746917, 0.1479337320812545], "ys_std_ci": [0.10469497653500837, 0.1105874754158027], "obs_phi": 