{"xs_std": 0.058250020187802794, "ys_std": 0.07360520321051923, "xs_std_err": 0.0007145724529671128, "ys_std_err": 0.0008561934698906169, "xs_std_ci": [0.056839390715882385, 0.05962251244042202], "ys_std_ci": [0.07195582016117182, 0.07531714604088509], "obs_phi": 