{"xs_std": 0.20794322900308854, "ys_std": 0.024934415136734327, "xs_std_err": 0.0030777700632547054, "ys_std_err": 0.0003434184669823017, "xs_std_ci": [0.20206361984694737, 0.21408435987049904], "ys_std_ci": [0.024282610580164003, 0.02562922031720174], "obs_phi": 