{"xs_std": 0.06559580003137519, "ys_std": 0.03860409256871017, "xs_std_err": 0.001135090619271073, "ys_std_err": 0.0005786995154782354, "xs_std_ci": [0.06335784620589413, 0.06784509524772012], "ys_std_ci": [0.03747297821211716, 0.03975105302986511], "obs_phi": 