{"xs_std": 0.3187859311174304, "ys_std": 0.18959536378874287, "xs_std_err": 0.004147989702506616, "ys_std_err": 0.0024953193938697135, "xs_std_ci": [0.3106758794513923, 0.3268122015280362], "ys_std_ci": [0.1847230367366196, 0.1945044111403675], "obs_phi": 