{"xs_std": 0.216930912298584, "ys_std": 0.014496501106058513, "xs_std_err": 0.003175768435026152, "ys_std_err": 0.00019565289447985188, "xs_std_ci": [0.2108496056104991, 0.2231715898882015], "ys_std_ci": [0.014118775288909795, 0.014888542678419499], "obs_phi": 