{"xs_std": 0.00781290241587698, "ys_std": 0.008566405912243887, "xs_std_err": 0.00012672691817472738, "ys_std_err": 0.00014080779617033778, "xs_std_ci": [0.007566473009970853, 0.008065261503555797], "ys_std_ci": [0.008295028527083593, 0.008841287247209426], "obs_phi": 