{"xs_std": 0.16357654300239252, "ys_std": 0.09580235793677737, "xs_std_err": 0.0022678633893640186, "ys_std_err": 0.0013250128072802925, "xs_std_ci": [0.1591176096168864, 0.1679715758114243], "ys_std_ci": [0.09319982768889394, 0.0984254864367964], "obs_phi": 