{"xs_std": 0.3393452524860765, "ys_std": 0.25662800988052054, "xs_std_err": 0.004270774921838052, "ys_std_err": 0.0033243207606401103, "xs_std_ci": [0.331025950533976, 0.3477174410783937], "ys_std_ci": [0.2500851004351545, 0.26319960764475286], "obs_phi": 