{"xs_std": 0.24966713416021072, "ys_std": 0.1924396904107407, "xs_std_err": 0.0032899062188747686, "ys_std_err": 0.002445071916114496, "xs_std_ci": [0.2435211422255404, 0.25644368182061694], "ys_std_ci": [0.1878213249405172, 0.1973903982187353], "obs_phi": 