{"xs_std": 0.2818890203086825, "ys_std": 0.25887699418494353, "xs_std_err": 0.003421231554542955, "ys_std_err": 0.0031852545161601344, "xs_std_ci": [0.2750736973243559, 0.2884655631734665], "ys_std_ci": [0.2527303930760712, 0.2651977837098891], "obs_phi": 