{"xs_std": 0.33013229889786166, "ys_std": 0.24340570736784387, "xs_std_err": 0.004128404177634605, "ys_std_err": 0.0029168695419984963, "xs_std_ci": [0.322003138421754, 0.3382376204343021], "ys_std_ci": [0.23776683790817219, 0.24907104134203165], "obs_phi": 