{"xs_std": 0.10019374373058526, "ys_std": 0.1197913804107571, "xs_std_err": 0.0012157054939812418, "ys_std_err": 0.0014633399702229783, "xs_std_ci": [0.09784420404875921, 0.10259565029930973], "ys_std_ci": [0.11690410977939253, 0.12264534991244648], "obs_phi": 