{"xs_std": 0.3313197706915292, "ys_std": 0.22142238019290564, "xs_std_err": 0.0043187540351085595, "ys_std_err": 0.002764702099892151, "xs_std_ci": [0.32288933648246854, 0.3399020782208129], "ys_std_ci": [0.21598710624905273, 0.2268532951325183], "obs_phi": 