{"xs_std": 0.20140959255708576, "ys_std": 0.04038932549113064, "xs_std_err": 0.0023823910753214134, "ys_std_err": 0.0005013575726597066, "xs_std_ci": [0.1967203880711089, 0.20608537370793095], "ys_std_ci": [0.039401837378222164, 0.04136977747065255], "obs_phi": 