{"xs_std": 0.29177161546918584, "ys_std": 0.06594039690069134, "xs_std_err": 0.002965973469266887, "ys_std_err": 0.0006517949444895917, "xs_std_ci": [0.28598738740485946, 0.29758637755090783], "ys_std_ci": [0.06466659389968364, 0.06719953205649248], "obs_phi": 