{"xs_std": 0.3209318989214735, "ys_std": 0.2302084079192168, "xs_std_err": 0.004960800765096274, "ys_std_err": 0.0034789010316125415, "xs_std_ci": [0.311251949351443, 0.33066368867543816], "ys_std_ci": [0.2234213192959503, 0.23715052775705683], "obs_phi": 