{"xs_std": 0.15258438919300968, "ys_std": 0.11197952031831901, "xs_std_err": 0.0018859981046933298, "ys_std_err": 0.0013868815773026898, "xs_std_ci": [0.1489452000930245, 0.15633757446559313], "ys_std_ci": [0.10926878872650361, 0.11468834711926922], "obs_phi": 