{"xs_std": 0.14610688284986492, "ys_std": 0.11526908658999006, "xs_std_err": 0.0019523096490891576, "ys_std_err": 0.0015743203314117972, "xs_std_ci": [0.14222024222862875, 0.14982970238430313], "ys_std_ci": [0.11225582215535167, 0.11835045740699843], "obs_phi": 