{"xs_std": 0.14788413490940333, "ys_std": 0.13451667355381386, "xs_std_err": 0.0021105165785709197, "ys_std_err": 0.001910931852726383, "xs_std_ci": [0.1438544423206491, 0.15215203959073892], "ys_std_ci": [0.1307442875851332, 0.1383292487952619], "obs_phi": 