{"xs_std": 0.019898955216670927, "ys_std": 0.025259494805727173, "xs_std_err": 0.0003378237245879252, "ys_std_err": 0.0004259283972978291, "xs_std_ci": [0.01923644707177511, 0.02055322109423376], "ys_std_ci": [0.024444634894988278, 0.02610824497976751], "obs_phi": 