{"xs_std": 0.07696934138766973, "ys_std": 0.04311253555849223, "xs_std_err": 0.0013221852433385106, "ys_std_err": 0.0007283948103340428, "xs_std_ci": [0.07443003985802892, 0.07954751640544871], "ys_std_ci": [0.041703951011495995, 0.04454783031406059], "obs_phi": 