{"xs_std": 0.058669007325697915, "ys_std": 0.041040821827271, "xs_std_err": 0.0009134024087774881, "ys_std_err": 0.000611800573913121, "xs_std_ci": [0.0569249784041796, 0.06045184190013414], "ys_std_ci": [0.039850630367903976, 0.042251593396848766], "obs_phi": 