{"xs_std": 0.06895301214061993, "ys_std": 0.041638006138407326, "xs_std_err": 0.001467689749087198, "ys_std_err": 0.0006955663120301313, "xs_std_ci": [0.06618583060161731, 0.07191882265598429], "ys_std_ci": [0.040280758830381756, 0.043002729238539074], "obs_phi": 