{"xs_std": 0.3003355733724497, "ys_std": 0.2787014831772327, "xs_std_err": 0.0043320967476481315, "ys_std_err": 0.004035330631871331, "xs_std_ci": [0.2918000840026024, 0.30870732464375006], "ys_std_ci": [0.2708819579236398, 0.2866879793020887], "obs_phi": 