{"xs_std": 0.07575944749688267, "ys_std": 0.0963088962570798, "xs_std_err": 0.0007028119090246246, "ys_std_err": 0.0008776664301006648, "xs_std_ci": [0.07437525437403826, 0.07713227884082462], "ys_std_ci": [0.09458753657931719, 0.09799727752534355], "obs_phi": 