{"xs_std": 0.0886894500283382, "ys_std": 0.01304700186976731, "xs_std_err": 0.0014347753965894795, "ys_std_err": 0.0002110180164848412, "xs_std_ci": [0.08596077687136376, 0.09156647039812657], "ys_std_ci": [0.012637369255796005, 0.013470313842862347], "obs_phi": 