{"xs_std": 0.30678612756107365, "ys_std": 0.24880677118955338, "xs_std_err": 0.003919443104483876, "ys_std_err": 0.0031695386521343144, "xs_std_ci": [0.29921188689315154, 0.31458376383530606], "ys_std_ci": [0.24254242383391816, 0.25505860266014674], "obs_phi": 