{"xs_std": 0.20769133847797955, "ys_std": 0.1824741330823736, "xs_std_err": 0.002114713270606724, "ys_std_err": 0.00188331598902036, "xs_std_ci": [0.20356034681011737, 0.2118156217107553], "ys_std_ci": [0.17885519012411988, 0.18622450665395418], "obs_phi": 