{"xs_std": 0.24946145261754404, "ys_std": 0.16383167101610954, "xs_std_err": 0.002446330297263198, "ys_std_err": 0.0015947870181919482, "xs_std_ci": [0.24476586567647549, 0.25441764940913614], "ys_std_ci": [0.16072227751108187, 0.1669961196488246], "obs_phi": 