{"xs_std": 0.0072738954637004555, "ys_std": 0.0076061781046296035, "xs_std_err": 0.0001065281764069578, "ys_std_err": 0.00011117045512692825, "xs_std_ci": [0.007063399456718351, 0.0074802857407680395], "ys_std_ci": [0.007388231998591835, 0.007824844358284998], "obs_phi": 