{"xs_std": 0.21226600905196377, "ys_std": 0.181383006286888, "xs_std_err": 0.0021027640117541714, "ys_std_err": 0.001799366726208757, "xs_std_ci": [0.20812322603135824, 0.21642460318893358], "ys_std_ci": [0.17788061092725305, 0.18498969441885876], "obs_phi": 