{"xs_std": 0.030549130047078772, "ys_std": 0.03903671555199808, "xs_std_err": 0.0005707718549515774, "ys_std_err": 0.0007074533354756308, "xs_std_ci": [0.029492646467348706, 0.031705605389766946], "ys_std_ci": [0.03766169605199805, 0.04044442753920544], "obs_phi": 