{"xs_std": 0.3356152798219447, "ys_std": 0.2645011405572292, "xs_std_err": 0.004636004189626812, "ys_std_err": 0.0038376450069130767, "xs_std_ci": [0.32652188043701613, 0.3447403847449474], "ys_std_ci": [0.25725322464533407, 0.27214749845500397], "obs_phi": 