{"xs_std": 0.07371855876677032, "ys_std": 0.09506472212153123, "xs_std_err": 0.0007588902000835472, "ys_std_err": 0.0009822264073353442, "xs_std_ci": [0.07221959479810718, 0.07521729605318736], "ys_std_ci": [0.09314700604186331, 0.09702656229684808], "obs_phi": 