{"xs_std": 0.1691534866982067, "ys_std": 0.12490346507042764, "xs_std_err": 0.0021516228615211437, "ys_std_err": 0.0015092132273448623, "xs_std_ci": [0.16492786987940364, 0.17338763302084906], "ys_std_ci": [0.12198384862585254, 0.12791468946938173], "obs_phi": 