{"xs_std": 0.03964245570341396, "ys_std": 0.048063469927216086, "xs_std_err": 0.000603197611224593, "ys_std_err": 0.0007138644065006431, "xs_std_ci": [0.038483842906384486, 0.0408532718623873], "ys_std_ci": [0.04670782812267309, 0.04950632598386841], "obs_phi": 