{"xs_std": 0.22234559475019194, "ys_std": 0.12934575514278848, "xs_std_err": 0.0024827118406419916, "ys_std_err": 0.0013140366691216554, "xs_std_ci": [0.21755021972011188, 0.2272788742867669], "ys_std_ci": [0.12674840258808454, 0.13188735830769707], "obs_phi": 