{"xs_std": 0.31762350276166323, "ys_std": 0.2529235815631629, "xs_std_err": 0.00445892304665973, "ys_std_err": 0.003588665819941128, "xs_std_ci": [0.30904421795430953, 0.3265101902096907], "ys_std_ci": [0.24587289019884354, 0.2600388821980714], "obs_phi": 