{"xs_std": 0.3283747122349174, "ys_std": 0.24501042760854844, "xs_std_err": 0.004392196549410833, "ys_std_err": 0.003610213756197665, "xs_std_ci": [0.31984232311832117, 0.3369524545934828], "ys_std_ci": [0.23791882757407443, 0.25205845818683764], "obs_phi": 