{"xs_std": 0.3263864139732227, "ys_std": 0.24580258756919926, "xs_std_err": 0.004308438497795153, "ys_std_err": 0.0031757792884467327, "xs_std_ci": [0.31802269227373897, 0.3349687404695117], "ys_std_ci": [0.23953268934959496, 0.2519696469791493], "obs_phi": 