{"xs_std": 0.2713177413841931, "ys_std": 0.09028347450285801, "xs_std_err": 0.002494136457605994, "ys_std_err": 0.0008321472065127249, "xs_std_ci": [0.2664228080000133, 0.2761612042258764], "ys_std_ci": [0.08867443003045114, 0.09191936851799834], "obs_phi": 