{"xs_std": 0.29499443474336323, "ys_std": 0.28791336149345137, "xs_std_err": 0.003604869571761202, "ys_std_err": 0.003502124816635377, "xs_std_ci": [0.2881400050764057, 0.3021793761771287], "ys_std_ci": [0.28100136748877586, 0.2947586586632474], "obs_phi": 