{"xs_std": 0.0993909838334117, "ys_std": 0.12721116463233426, "xs_std_err": 0.0009540400402618356, "ys_std_err": 0.0012160836454122004, "xs_std_ci": [0.09751047487054948, 0.1012466203706474], "ys_std_ci": [0.12486701217919233, 0.1296342877452351], "obs_phi": 