{"xs_std": 0.151343930563319, "ys_std": 0.09761160874192519, "xs_std_err": 0.001924065959890995, "ys_std_err": 0.0014314374051044862, "xs_std_ci": [0.14760447673044438, 0.15516559964585], "ys_std_ci": [0.09485150467334441, 0.1004396498635963], "obs_phi": 