{"xs_std": 0.08861213142943111, "ys_std": 0.1093501817645752, "xs_std_err": 0.0010391155405363346, "ys_std_err": 0.001257916944893251, "xs_std_ci": [0.08657923908629979, 0.09060523141344305], "ys_std_ci": [0.1069264127256788, 0.1118061160691698], "obs_phi": 