{"xs_std": 0.1263819253156643, "ys_std": 0.14138027117481666, "xs_std_err": 0.0017015107017447156, "ys_std_err": 0.0019001358140314781, "xs_std_ci": [0.12310435665943265, 0.1297965525774597], "ys_std_ci": [0.1377065410850606, 0.1450661749034315], "obs_phi": 