{"xs_std": 0.1577227769178527, "ys_std": 0.09029151498761565, "xs_std_err": 0.0023591238793780243, "ys_std_err": 0.00112476711728896, "xs_std_ci": [0.1531819228298693, 0.16239865729017555], "ys_std_ci": [0.08809486445611005, 0.09249529952998142], "obs_phi": 