{"xs_std": 0.23454769802710962, "ys_std": 0.13635821969796885, "xs_std_err": 0.0027570333492231303, "ys_std_err": 0.0014296347795062854, "xs_std_ci": [0.2292868418217688, 0.24006177045672344], "ys_std_ci": [0.1336283835865511, 0.13920305722047308], "obs_phi": 