{"xs_std": 0.14489089810433306, "ys_std": 0.13591738276598148, "xs_std_err": 0.00213039803379307, "ys_std_err": 0.0020119923462847042, "xs_std_ci": [0.14079086778687183, 0.14915878679251834], "ys_std_ci": [0.13203234048036955, 0.13993127592469976], "obs_phi": 