{"xs_std": 0.13786306204960516, "ys_std": 0.13276836042458678, "xs_std_err": 0.002373783114618114, "ys_std_err": 0.0022930172965399463, "xs_std_ci": [0.13333863689290218, 0.14257413382123563], "ys_std_ci": [0.12831682678316772, 0.1373910887903856], "obs_phi": 