{"xs_std": 0.15922471501468835, "ys_std": 0.09335215273070516, "xs_std_err": 0.0020724050362242613, "ys_std_err": 0.0011867957710173865, "xs_std_ci": [0.1551556969734544, 0.16324640356185627], "ys_std_ci": [0.09101300497526994, 0.09565673596469455], "obs_phi": 