{"xs_std": 0.058858774418791615, "ys_std": 0.04378964583144578, "xs_std_err": 0.0009504940578734774, "ys_std_err": 0.0007472671624428796, "xs_std_ci": [0.05705568159068092, 0.06077170968879863], "ys_std_ci": [0.04236378880561119, 0.045264478630759074], "obs_phi": 