{"xs_std": 0.3205760378694233, "ys_std": 0.23870903208571018, "xs_std_err": 0.003861340733596899, "ys_std_err": 0.002961557936538716, "xs_std_ci": [0.31309886939441056, 0.328143396962896], "ys_std_ci": [0.232953876911254, 0.2445687762723888], "obs_phi": 