{"xs_std": 0.01763962345457598, "ys_std": 0.022706693478327745, "xs_std_err": 0.00027565886412209606, "ys_std_err": 0.000353280967191603, "xs_std_ci": [0.01710718376901383, 0.01819554905345792], "ys_std_ci": [0.02202349000576095, 0.023408237233860874], "obs_phi": 