{"xs_std": 0.16210654896747761, "ys_std": 0.09591058867089458, "xs_std_err": 0.002380286003494201, "ys_std_err": 0.0012384167140478827, "xs_std_ci": [0.15754318859973468, 0.16683526405479043], "ys_std_ci": [0.09352052708467308, 0.09832522085455375], "obs_phi": 