{"xs_std": 0.2067994051540847, "ys_std": 0.16026787582325216, "xs_std_err": 0.002027866051044568, "ys_std_err": 0.0015736669438072253, "xs_std_ci": [0.20283642817768224, 0.21083426859484222], "ys_std_ci": [0.1571453668365399, 0.16339285719634639], "obs_phi": 