{"xs_std": 0.17071042097841857, "ys_std": 0.09920741183707332, "xs_std_err": 0.0023663328128916156, "ys_std_err": 0.0012534177152519852, "xs_std_ci": [0.16608875667034056, 0.17529038404324596], "ys_std_ci": [0.09675822318749971, 0.10162229607014382], "obs_phi": 