{"xs_std": 0.16428227790737665, "ys_std": 0.1057606062200284, "xs_std_err": 0.0023242370022746248, "ys_std_err": 0.001508862933148002, "xs_std_ci": [0.1597777070337795, 0.16877953557366931], "ys_std_ci": [0.10281980124939695, 0.10875390778484745], "obs_phi": 