{"xs_std": 0.15801522323815181, "ys_std": 0.09327988928488642, "xs_std_err": 0.0020146359827175405, "ys_std_err": 0.0011917431424074165, "xs_std_ci": [0.15408101403098862, 0.16205955686250095], "ys_std_ci": [0.09090730186242428, 0.09568073267653349], "obs_phi": 