{"xs_std": 0.10741990408621041, "ys_std": 0.13689651173495873, "xs_std_err": 0.0010159487255558283, "ys_std_err": 0.0013323335313631768, "xs_std_ci": [0.10542496430427603, 0.10942927425367618], "ys_std_ci": [0.13433493500354576, 0.1395168293538857], "obs_phi": 