{"xs_std": 0.21324693581456453, "ys_std": 0.14369100190704456, "xs_std_err": 0.0019834666292023956, "ys_std_err": 0.0013898736575056947, "xs_std_ci": [0.20935787483937982, 0.21710161438076592], "ys_std_ci": [0.14098874338962228, 0.1464257430544186], "obs_phi": 