{"xs_std": 0.34121491922929825, "ys_std": 0.25893896426181984, "xs_std_err": 0.004561731951378517, "ys_std_err": 0.0031163811577561307, "xs_std_ci": [0.33235809802905697, 0.35027181506293475], "ys_std_ci": [0.25278878939469157, 0.2650435268672942], "obs_phi": 