{"xs_std": 0.11522510724028408, "ys_std": 0.13189387191994908, "xs_std_err": 0.0015519305611755622, "ys_std_err": 0.001694726637918962, "xs_std_ci": [0.112203135391256, 0.11833605437622105], "ys_std_ci": [0.12860833738578678, 0.13527933462076358], "obs_phi": 