{"xs_std": 0.06287039176063576, "ys_std": 0.06227586014658214, "xs_std_err": 0.0010862615743224516, "ys_std_err": 0.0010653605931961487, "xs_std_ci": [0.06070884638245198, 0.06498271775728216], "ys_std_ci": [0.06017142645377974, 0.06436418528665629], "obs_phi": 