{"xs_std": 0.14124678675774865, "ys_std": 0.14124678675774865, "xs_std_err": 0.0019299884779477967, "ys_std_err": 0.0019119331200666838, "xs_std_ci": [0.13748427903118057, 0.14496875363152897], "ys_std_ci": [0.13750520412823192, 0.14499337391688275], "obs_phi": 