{"xs_std": 0.23699378459620857, "ys_std": 0.17744877799130082, "xs_std_err": 0.0023537458949319102, "ys_std_err": 0.0017467535130515845, "xs_std_ci": [0.23239765734621065, 0.24161064248852543], "ys_std_ci": [0.17403011426090723, 0.18087253076957935], "obs_phi": 