{"xs_std": 0.30100106340961036, "ys_std": 0.22684807361830767, "xs_std_err": 0.0037844067749336634, "ys_std_err": 0.0028591855826463654, "xs_std_ci": [0.29346828105487593, 0.3082455655859174], "ys_std_ci": [0.22128642497310633, 0.23250150448325585], "obs_phi": 