{"xs_std": 0.32523157058883156, "ys_std": 0.24600860082859236, "xs_std_err": 0.004976285256931699, "ys_std_err": 0.0034458039440678737, "xs_std_ci": [0.3156242300556043, 0.33529991401531606], "ys_std_ci": [0.23936781419814446, 0.2528956894121128], "obs_phi": 