{"xs_std": 0.2334433484079949, "ys_std": 0.13495105549337538, "xs_std_err": 0.002321723087856649, "ys_std_err": 0.0013320860571371753, "xs_std_ci": [0.22880977812091174, 0.23798032369322666], "ys_std_ci": [0.13235568047386798, 0.13754644040718322], "obs_phi": 