{"xs_std": 0.14157085784749004, "ys_std": 0.11504722914334149, "xs_std_err": 0.001798412601559747, "ys_std_err": 0.0014452529690871774, "xs_std_ci": [0.1380702963872524, 0.14505682320653854], "ys_std_ci": [0.11221692721096625, 0.1178622154244383], "obs_phi": 