{"xs_std": 0.3428096521502735, "ys_std": 0.20801270333445748, "xs_std_err": 0.007871459912821425, "ys_std_err": 0.0037371065025482274, "xs_std_ci": [0.3284477532247945, 0.35913448068045906], "ys_std_ci": [0.201325740497025, 0.21594896830633392], "obs_phi": 