{"xs_std": 0.16181986043981283, "ys_std": 0.1188177688022895, "xs_std_err": 0.002061856109201694, "ys_std_err": 0.0016406922777373678, "xs_std_ci": [0.1577789364296822, 0.16581883512421935], "ys_std_ci": [0.11563317426881678, 0.12208168227096627], "obs_phi": 