{"xs_std": 0.059395952744865595, "ys_std": 0.04730048477535367, "xs_std_err": 0.0008412139745362825, "ys_std_err": 0.0006827031899148632, "xs_std_ci": [0.057758486362270385, 0.06106007956025694], "ys_std_ci": [0.04597604873082429, 0.04864323843619126], "obs_phi": 