{"xs_std": 0.15254619165607394, "ys_std": 0.1314059026243911, "xs_std_err": 0.002000875523136253, "ys_std_err": 0.0017579609605276208, "xs_std_ci": [0.1486633914438022, 0.15651322432895565], "ys_std_ci": [0.12796936071376197, 0.1348508764250939], "obs_phi": 