{"xs_std": 0.041802244691333146, "ys_std": 0.051347613572448034, "xs_std_err": 0.0004051727462342568, "ys_std_err": 0.0004892016783293188, "xs_std_ci": [0.04101869714911619, 0.04259969891360502], "ys_std_ci": [0.050389394772984125, 0.052321461731066166], "obs_phi": 