{"xs_std": 0.1579095889036204, "ys_std": 0.10006692266682252, "xs_std_err": 0.002162338455057667, "ys_std_err": 0.0013088030492297556, "xs_std_ci": [0.15377141747817316, 0.16214289298725362], "ys_std_ci": [0.09750647409834984, 0.10267072690230972], "obs_phi": 