{"xs_std": 0.0340082297426446, "ys_std": 0.04271091563223667, "xs_std_err": 0.000690909984460885, "ys_std_err": 0.0008721305527901296, "xs_std_ci": [0.03268572271848918, 0.03539788662776243], "ys_std_ci": [0.04112495860991716, 0.04451032671347961], "obs_phi": 