{"xs_std": 0.21164760731150528, "ys_std": 0.13534008034210998, "xs_std_err": 0.0022350230646321946, "ys_std_err": 0.0015094212855105075, "xs_std_ci": [0.20729601186918695, 0.2160576246822659], "ys_std_ci": [0.13240922280410788, 0.1383466753657741], "obs_phi": 