{"xs_std": 0.045736696931341074, "ys_std": 0.05607271706651726, "xs_std_err": 0.0007352604675412682, "ys_std_err": 0.0008952993737828161, "xs_std_ci": [0.04431804507840404, 0.047210132188690516], "ys_std_ci": [0.05434127562519889, 0.05789616800337997], "obs_phi": 