{"xs_std": 0.03689138454000015, "ys_std": 0.045983208336711046, "xs_std_err": 0.0005932154822564915, "ys_std_err": 0.0007410853985021965, "xs_std_ci": [0.035731181147930335, 0.03804803455856767], "ys_std_ci": [0.044542162407588126, 0.04746183444560116], "obs_phi": 