{"xs_std": 0.20800555056634723, "ys_std": 0.1453930184894054, "xs_std_err": 0.002088186870466892, "ys_std_err": 0.0014560770109206948, "xs_std_ci": [0.20389086848871857, 0.21214357135875822], "ys_std_ci": [0.1425610683251911, 0.14820628965012783], "obs_phi": 