{"xs_std": 0.17634361389923403, "ys_std": 0.11560695725015818, "xs_std_err": 0.002080676598987261, "ys_std_err": 0.0013101059682168342, "xs_std_ci": [0.17230392211688897, 0.1804877762739228], "ys_std_ci": [0.11308172408460827, 0.11821501447299411], "obs_phi": 