{"xs_std": 0.1417691989856937, "ys_std": 0.12402755879082257, "xs_std_err": 0.0018877687304485109, "ys_std_err": 0.0016717121877221819, "xs_std_ci": [0.13812941623277528, 0.14551934236216676], "ys_std_ci": [0.12072361531464607, 0.12729855093546633], "obs_phi": 