{"xs_std": 0.15941849829652677, "ys_std": 0.1410169876780596, "xs_std_err": 0.0022625441496615553, "ys_std_err": 0.002045237465516588, "xs_std_ci": [0.1551000577574466, 0.16394375335972608], "ys_std_ci": [0.13703351203199182, 0.14498460052647683], "obs_phi": 