{"xs_std": 0.14415753568970033, "ys_std": 0.1310029571832741, "xs_std_err": 0.0020214797948866613, "ys_std_err": 0.0018521494884886915, "xs_std_ci": [0.14021542957134742, 0.14814023402334317], "ys_std_ci": [0.1273345971297379, 0.13465191139547783], "obs_phi": 