{"xs_std": 0.06566375166571618, "ys_std": 0.03808447860847796, "xs_std_err": 0.0011281297334752155, "ys_std_err": 0.0006508617224615656, "xs_std_ci": [0.06349446238610626, 0.06790108371832441], "ys_std_ci": [0.03682102058699978, 0.03938356320448044], "obs_phi": 