{"xs_std": 0.16066758190457106, "ys_std": 0.11836733910397064, "xs_std_err": 0.002002119977174215, "ys_std_err": 0.0013724839811347165, "xs_std_ci": [0.15671709087241648, 0.164525094014036], "ys_std_ci": [0.11568607920628046, 0.12107861792935833], "obs_phi": 