{"xs_std": 0.28092397059306495, "ys_std": 0.014040311885492296, "xs_std_err": 0.0026372254286111357, "ys_std_err": 0.00013341915426644602, "xs_std_ci": [0.2758833026302878, 0.2861056768874577], "ys_std_ci": [0.013775897151171288, 0.01430226371281338], "obs_phi": 