{"xs_std": 0.06554836222352947, "ys_std": 0.040845065482653285, "xs_std_err": 0.0009548354474715899, "ys_std_err": 0.0009232923085296162, "xs_std_ci": [0.06364550301034443, 0.06740570231861515], "ys_std_ci": [0.039133880227189465, 0.04275754926624212], "obs_phi": 