{"xs_std": 0.2860096546033928, "ys_std": 0.28209011879795465, "xs_std_err": 0.003798534428153177, "ys_std_err": 0.0037971901272351332, "xs_std_ci": [0.27872566988195396, 0.2936328063835435], "ys_std_ci": [0.27455861147924004, 0.2895624975830315], "obs_phi": 