{"xs_std": 0.329512568978702, "ys_std": 0.19261074329077504, "xs_std_err": 0.004676060548323267, "ys_std_err": 0.002721543243874619, "xs_std_ci": [0.3205914962493556, 0.33869809797717754], "ys_std_ci": [0.18732869955363018, 0.19805974896453682], "obs_phi": 