{"xs_std": 0.2290882659336362, "ys_std": 0.13557884331260275, "xs_std_err": 0.0023811983310260652, "ys_std_err": 0.001576813703974675, "xs_std_ci": [0.22443824375356225, 0.2336944220832841], "ys_std_ci": [0.13250992751028395, 0.13871180867449548], "obs_phi": 