{"xs_std": 0.19465361136754875, "ys_std": 0.19308056315884004, "xs_std_err": 0.0018899713269499771, "ys_std_err": 0.0018061986509007079, "xs_std_ci": [0.19095323780165602, 0.19830594416200392], "ys_std_ci": [0.18960548540688324, 0.19673644160773082], "obs_phi": 