{"xs_std": 0.15511792825032408, "ys_std": 0.09379405802818443, "xs_std_err": 0.001957300017058969, "ys_std_err": 0.0011736997437198646, "xs_std_ci": [0.15133552255306382, 0.15904925162991798], "ys_std_ci": [0.09154557608245416, 0.09613867798069717], "obs_phi": 