{"xs_std": 0.2341486672564165, "ys_std": 0.13184662050937998, "xs_std_err": 0.0030241593466073923, "ys_std_err": 0.0013990361758446234, "xs_std_ci": [0.22834275506971655, 0.24020137473920075], "ys_std_ci": [0.1291375897270249, 0.1345828556225872], "obs_phi": 