{"xs_std": 0.30173312018314963, "ys_std": 0.2635278675211834, "xs_std_err": 0.0037754642253242958, "ys_std_err": 0.0033315518297800223, "xs_std_ci": [0.29449451851486713, 0.30930294355614124], "ys_std_ci": [0.25706619719337787, 0.27010529420196927], "obs_phi": 