{"xs_std": 0.3221787557391281, "ys_std": 0.1972189650165365, "xs_std_err": 0.004172999537747852, "ys_std_err": 0.00300210923601293, "xs_std_ci": [0.3140451346322122, 0.3303133750077033], "ys_std_ci": [0.1913413733800691, 0.20318952909039678], "obs_phi": 