{"xs_std": 0.07040155598136102, "ys_std": 0.042687526060115506, "xs_std_err": 0.0014021010076650132, "ys_std_err": 0.0008137415606071339, "xs_std_ci": [0.06774183300898176, 0.07322081014649034], "ys_std_ci": [0.041107383362751694, 0.04428988290936243], "obs_phi": 