{"xs_std": 0.15426340673662503, "ys_std": 0.09225869899356438, "xs_std_err": 0.001982403959245172, "ys_std_err": 0.001113903775128269, "xs_std_ci": [0.150404889372795, 0.1581353814008262], "ys_std_ci": [0.09010284994487021, 0.09445859594805961], "obs_phi": 