{"xs_std": 0.15156323774657965, "ys_std": 0.10364913826022111, "xs_std_err": 0.0022627786393997784, "ys_std_err": 0.0015194875861285371, "xs_std_ci": [0.14708257799094607, 0.15611043187819834], "ys_std_ci": [0.10076468881677648, 0.10664993404742397], "obs_phi": 