{"xs_std": 0.1537379102948503, "ys_std": 0.1084710957285655, "xs_std_err": 0.002011410976576647, "ys_std_err": 0.001389928116466484, "xs_std_ci": [0.14977740220313204, 0.15767357165807191], "ys_std_ci": [0.1057993810566107, 0.11127596217315455], "obs_phi": 