{"xs_std": 0.3089867416208533, "ys_std": 0.21308419706232495, "xs_std_err": 0.0039053012452441235, "ys_std_err": 0.002605917349787416, "xs_std_ci": [0.30141860684138466, 0.3166720335938839], "ys_std_ci": [0.2080001280025716, 0.2182680603716548], "obs_phi": 