{"xs_std": 0.06182065760355712, "ys_std": 0.03805826551038967, "xs_std_err": 0.0010191855040408535, "ys_std_err": 0.0006004105297913438, "xs_std_ci": [0.059832175980390256, 0.06385839053793654], "ys_std_ci": [0.03689214920134099, 0.03923950904532651], "obs_phi": 