{"xs_std": 0.34736338141382156, "ys_std": 0.26309375403931473, "xs_std_err": 0.004582826373822633, "ys_std_err": 0.0031261323260948237, "xs_std_ci": [0.3384109657102018, 0.3563812365784321], "ys_std_ci": [0.2569742019123459, 0.2692168467343282], "obs_phi": 