{"xs_std": 0.2203150620890258, "ys_std": 0.13031950662025776, "xs_std_err": 0.0022420459701333354, "ys_std_err": 0.0012389783606949253, "xs_std_ci": [0.21601354762830005, 0.2247112171647726], "ys_std_ci": [0.12794142788091736, 0.1327497142282425], "obs_phi": 