{"xs_std": 0.32329266804913814, "ys_std": 0.19265832841902866, "xs_std_err": 0.003977379923728118, "ys_std_err": 0.002369631117015104, "xs_std_ci": [0.31542400458861897, 0.3311205930879715], "ys_std_ci": [0.18804351882471637, 0.1973458275112099], "obs_phi": 