{"xs_std": 0.05807719983741969, "ys_std": 0.05670517468011076, "xs_std_err": 0.0009584921587414357, "ys_std_err": 0.000946079680061793, "xs_std_ci": [0.0562283087784746, 0.059989464653754786], "ys_std_ci": [0.05486106267261248, 0.05858323478862665], "obs_phi": 