{"xs_std": 0.06128552787728888, "ys_std": 0.05805785188232221, "xs_std_err": 0.0009860493652879571, "ys_std_err": 0.0009392518334685776, "xs_std_ci": [0.059352675824629, 0.06322764769543955], "ys_std_ci": [0.05620886453708802, 0.05987433011222887], "obs_phi": 