{"xs_std": 0.15865242088469955, "ys_std": 0.09184989558801143, "xs_std_err": 0.0020503041991596764, "ys_std_err": 0.0011823699043117285, "xs_std_ci": [0.15465064343840695, 0.1626128643780792], "ys_std_ci": [0.08954516999436421, 0.09419257631330734], "obs_phi": 