{"xs_std": 0.19987291718836514, "ys_std": 0.19382282821259483, "xs_std_err": 0.0019245473210623924, "ys_std_err": 0.0018645261264823969, "xs_std_ci": [0.19611828398968587, 0.20364553449733183], "ys_std_ci": [0.19019684934998166, 0.19750556409582987], "obs_phi": 