{"xs_std": 0.10276375658609693, "ys_std": 0.12057308260893146, "xs_std_err": 0.0012130681416518913, "ys_std_err": 0.0014216031751251531, "xs_std_ci": [0.10037154369470665, 0.10514143715296542], "ys_std_ci": [0.11778037606479487, 0.1234036081272153], "obs_phi": 