{"xs_std": 0.16544120670131415, "ys_std": 0.10514440110428735, "xs_std_err": 0.0023986217381584147, "ys_std_err": 0.0014423215253135302, "xs_std_ci": [0.1607465610287503, 0.1701995930425899], "ys_std_ci": [0.1023488470170982, 0.10798555814528533], "obs_phi": 