{"xs_std": 0.09043693807262619, "ys_std": 0.11214439605068681, "xs_std_err": 0.0011608063824360192, "ys_std_err": 0.0013850110304770135, "xs_std_ci": [0.08817104514811418, 0.09269927566598747], "ys_std_ci": [0.1095057310857333, 0.11485556075552103], "obs_phi": 