{"xs_std": 0.3211489692847719, "ys_std": 0.18222377822985686, "xs_std_err": 0.00429463422466072, "ys_std_err": 0.0021218023820034613, "xs_std_ci": [0.3128741902487876, 0.32960911034166607], "ys_std_ci": [0.17800108321108155, 0.18633895927263744], "obs_phi": 