{"xs_std": 0.060194716258141066, "ys_std": 0.05541551391214004, "xs_std_err": 0.0009450155937735843, "ys_std_err": 0.0008748349372249128, "xs_std_ci": [0.05831876332553104, 0.062029328394253895], "ys_std_ci": [0.0537218241783826, 0.05715267757625395], "obs_phi": 