{"xs_std": 0.07154066303498649, "ys_std": 0.04179224682893661, "xs_std_err": 0.0022100466064141, "ys_std_err": 0.001145156116207314, "xs_std_ci": [0.06739706756294019, 0.07609197207269894], "ys_std_ci": [0.03963681391317554, 0.04413365219482993], "obs_phi": 