{"xs_std": 0.22480440206041455, "ys_std": 0.12936651960212892, "xs_std_err": 0.002134253091712815, "ys_std_err": 0.0011838074937487579, "xs_std_ci": [0.22065364192050757, 0.22895960892628242], "ys_std_ci": [0.12705860064081478, 0.13166852239115628], "obs_phi": 