{"xs_std": 0.21071654200383527, "ys_std": 0.14441421686699452, "xs_std_err": 0.0021509991411381244, "ys_std_err": 0.0014648171817576185, "xs_std_ci": [0.20650446319456522, 0.2148598694846606], "ys_std_ci": [0.14148743006795947, 0.1472957716295957], "obs_phi": 