{"xs_std": 0.08150746252592696, "ys_std": 0.10080044601550331, "xs_std_err": 0.0009670573681866193, "ys_std_err": 0.0012091994001344876, "xs_std_ci": [0.07961031635661044, 0.08336889886948529], "ys_std_ci": [0.09847269383990664, 0.10320169197712416], "obs_phi": 