{"xs_std": 0.08587294592121669, "ys_std": 0.03112907417346932, "xs_std_err": 0.0015292357047620537, "ys_std_err": 0.0005153711378855883, "xs_std_ci": [0.08291756173820777, 0.0889357327903463], "ys_std_ci": [0.030158280972842354, 0.032174600350675146], "obs_phi": 