{"xs_std": 0.06989416904159701, "ys_std": 0.0900492923156801, "xs_std_err": 0.0006608572294599224, "ys_std_err": 0.0008370001823915699, "xs_std_ci": [0.06860259207419064, 0.0711803206201173], "ys_std_ci": [0.08842683827067657, 0.09171916437674049], "obs_phi": 