{"xs_std": 0.16100465213749196, "ys_std": 0.09882805770394948, "xs_std_err": 0.002179176296023445, "ys_std_err": 0.0012861984850211115, "xs_std_ci": [0.15677344892909775, 0.16537026845638955], "ys_std_ci": [0.09632466695775506, 0.10131392106043102], "obs_phi": 