{"xs_std": 0.3320133717369581, "ys_std": 0.20252575659641617, "xs_std_err": 0.004714235410059254, "ys_std_err": 0.0027872995787528894, "xs_std_ci": [0.32285240572472984, 0.34130271249534094], "ys_std_ci": [0.19705723902456607, 0.2080206982153728], "obs_phi": 