{"xs_std": 0.06876707815823888, "ys_std": 0.058460673785208965, "xs_std_err": 0.0009885180376667604, "ys_std_err": 0.0007977358872957261, "xs_std_ci": [0.06682361667053359, 0.07068020904494708], "ys_std_ci": [0.0569041932551119, 0.06000792954380168], "obs_phi": 