{"xs_std": 0.15743472396493896, "ys_std": 0.09936441779552883, "xs_std_err": 0.0023708144555253108, "ys_std_err": 0.0013857915496458652, "xs_std_ci": [0.15275728910961675, 0.16204959964969237], "ys_std_ci": [0.09664176845344447, 0.10207238931320813], "obs_phi": 