{"xs_std": 0.24418835769562333, "ys_std": 0.17179167355371844, "xs_std_err": 0.002526545381425809, "ys_std_err": 0.00179608191323615, "xs_std_ci": [0.23927871570666795, 0.24919100963584953], "ys_std_ci": [0.16833874367425444, 0.17530268569274626], "obs_phi": 