{"xs_std": 0.3092296963056026, "ys_std": 0.24605837140126804, "xs_std_err": 0.004043683473717579, "ys_std_err": 0.0032400796866414697, "xs_std_ci": [0.3013911931160512, 0.31728212111826876], "ys_std_ci": [0.23982173733880593, 0.2524032840964695], "obs_phi": 