{"xs_std": 0.0725718913569905, "ys_std": 0.053619524027090755, "xs_std_err": 0.0013802708498449798, "ys_std_err": 0.0009573849593819474, "xs_std_ci": [0.06999583775825119, 0.0753766781535792], "ys_std_ci": [0.051806634965192, 0.05556404733961008], "obs_phi": 