{"xs_std": 0.15306443044434245, "ys_std": 0.09316846090553706, "xs_std_err": 0.0021353072183586883, "ys_std_err": 0.0013518758044892784, "xs_std_ci": [0.1488888236257631, 0.15723056942872554], "ys_std_ci": [0.09057154277305114, 0.0958741337506514], "obs_phi": 