{"xs_std": 0.07887836901486994, "ys_std": 0.03823631948544487, "xs_std_err": 0.0011734141573256543, "ys_std_err": 0.0005621665556581198, "xs_std_ci": [0.07660288854489083, 0.08117470653776794], "ys_std_ci": [0.03713419994402771, 0.03934689531789695], "obs_phi": 