{"xs_std": 0.21902859258618881, "ys_std": 0.1439891752342134, "xs_std_err": 0.00226120283424716, "ys_std_err": 0.0014951273005204989, "xs_std_ci": [0.2147038496295123, 0.22348435717246237], "ys_std_ci": [0.14105511907248366, 0.1469350574146777], "obs_phi": 