{"xs_std": 0.22784739558251996, "ys_std": 0.19364630194789925, "xs_std_err": 0.00216656825723505, "ys_std_err": 0.0018006433421316214, "xs_std_ci": [0.22361271835050517, 0.23204811431825853], "ys_std_ci": [0.1901476065681496, 0.19720704174709244], "obs_phi": 