{"xs_std": 0.11640547451162547, "ys_std": 0.13089636936245172, "xs_std_err": 0.001465438593653898, "ys_std_err": 0.0016068650796008188, "xs_std_ci": [0.11357866928265878, 0.11934296516669575], "ys_std_ci": [0.12776051928325413, 0.1339851397544359], "obs_phi": 