{"xs_std": 0.022120313973984777, "ys_std": 0.028455823034694735, "xs_std_err": 0.00032821452973186315, "ys_std_err": 0.0004121877347371312, "xs_std_ci": [0.02149270519358688, 0.02277844852565569], "ys_std_ci": [0.027658669472474747, 0.029276583949137187], "obs_phi": 