{"xs_std": 0.1366316657368404, "ys_std": 0.13250559196817124, "xs_std_err": 0.0016943688879923948, "ys_std_err": 0.0016699777049611452, "xs_std_ci": [0.133297075903181, 0.13997183068295155], "ys_std_ci": [0.12922899918685762, 0.13580496174524959], "obs_phi": 