{"xs_std": 0.16087222624632638, "ys_std": 0.09579656825511129, "xs_std_err": 0.0028918311190080895, "ys_std_err": 0.0015249860667493874, "xs_std_ci": [0.15538631418548776, 0.1666167466807927], "ys_std_ci": [0.09287969267876761, 0.09885386494318034], "obs_phi": 