{"xs_std": 0.27230380409326826, "ys_std": 0.13388009523266564, "xs_std_err": 0.0025548842899497173, "ys_std_err": 0.0012230337255668623, "xs_std_ci": [0.267299990488395, 0.27732940843060755], "ys_std_ci": [0.13146595339429545, 0.13625020701993645], "obs_phi": 