{"xs_std": 0.04940059523375637, "ys_std": 0.06173178399397628, "xs_std_err": 0.000495769819209977, "ys_std_err": 0.0006046806639177633, "xs_std_ci": [0.04844407020193478, 0.05037203687458371], "ys_std_ci": [0.06054834207248897, 0.06291851504052556], "obs_phi": 