{"xs_std": 0.15694225582559482, "ys_std": 0.10055255095782129, "xs_std_err": 0.002208641459384534, "ys_std_err": 0.0012833844100887393, "xs_std_ci": [0.1525946426137656, 0.16129538113921724], "ys_std_ci": [0.09808278746515181, 0.10311907696620375], "obs_phi": 