{"xs_std": 0.04727049735895726, "ys_std": 0.060642760292294956, "xs_std_err": 0.000567171226778947, "ys_std_err": 0.0007294343344016453, "xs_std_ci": [0.04617392533347256, 0.048407089308010416], "ys_std_ci": [0.05922000533880118, 0.06205058687640293], "obs_phi": 