{"xs_std": 0.1578247220887161, "ys_std": 0.089857413894794, "xs_std_err": 0.0024273653800552662, "ys_std_err": 0.0011986912627264448, "xs_std_ci": [0.15320060820188414, 0.16268278451224613], "ys_std_ci": [0.08754308104841296, 0.09222816383582147], "obs_phi": 