{"xs_std": 0.3172071210472926, "ys_std": 0.28702291176878986, "xs_std_err": 0.004747553613022486, "ys_std_err": 0.004319087327116597, "xs_std_ci": [0.3078728357775114, 0.3266429181656348], "ys_std_ci": [0.2785978201892846, 0.29565901787509313], "obs_phi": 