{"xs_std": 0.21935868626467656, "ys_std": 0.13265393807309683, "xs_std_err": 0.0021863274075736355, "ys_std_err": 0.001329999117425194, "xs_std_ci": [0.21509481116899445, 0.22364664210405075], "ys_std_ci": [0.13008973033416288, 0.135254361347649], "obs_phi": 