{"xs_std": 0.28576458183544595, "ys_std": 0.019579730671711783, "xs_std_err": 0.002933278903050213, "ys_std_err": 0.00021070931634293154, "xs_std_ci": [0.2799793170152215, 0.29143516986697576], "ys_std_ci": [0.019168702472118947, 0.019987514821755776], "obs_phi": 