{"xs_std": 0.22408439549305598, "ys_std": 0.19541543497713543, "xs_std_err": 0.002278326474226757, "ys_std_err": 0.0020662649872000157, "xs_std_ci": [0.2195850884930091, 0.22850323652930954], "ys_std_ci": [0.19137998618100477, 0.19944630320714712], "obs_phi": 