{"xs_std": 0.2750394276228186, "ys_std": 0.27410192380560955, "xs_std_err": 0.0034987487692783874, "ys_std_err": 0.0034888531005790755, "xs_std_ci": [0.26834679123559263, 0.28195736276806077], "ys_std_ci": [0.2672609330394643, 0.2809720805987867], "obs_phi": 