{"xs_std": 0.06644793162111039, "ys_std": 0.03940170989353309, "xs_std_err": 0.0011625720603886608, "ys_std_err": 0.000715291267146942, "xs_std_ci": [0.06421864895351283, 0.06878584632696622], "ys_std_ci": [0.038046310322016524, 0.04082745193275439], "obs_phi": 