{"xs_std": 0.2037933025118867, "ys_std": 0.17625237868458407, "xs_std_err": 0.0020646421997123046, "ys_std_err": 0.0018068624319872977, "xs_std_ci": [0.19976260262639806, 0.20784352042840618], "ys_std_ci": [0.17269726407767613, 0.17979278794991685], "obs_phi": 