{"xs_std": 0.06164317457342176, "ys_std": 0.04360853803742178, "xs_std_err": 0.0010413682406027163, "ys_std_err": 0.000755283233545871, "xs_std_ci": [0.059618846696699784, 0.06372396246291076], "ys_std_ci": [0.04217335369649773, 0.045126233220190846], "obs_phi": 