{"xs_std": 0.18247970237472247, "ys_std": 0.0925471827155068, "xs_std_err": 0.002311313903865139, "ys_std_err": 0.0011372099421919032, "xs_std_ci": [0.17785759546677737, 0.18704417932906], "ys_std_ci": [0.09029393269267628, 0.09474937715906703], "obs_phi": 