{"xs_std": 0.09032720081589661, "ys_std": 0.1161319722907518, "xs_std_err": 0.0009203882581324584, "ys_std_err": 0.001154517975981552, "xs_std_ci": [0.08849369435933369, 0.09211095252029658], "ys_std_ci": [0.11389593489083545, 0.11837653155231294], "obs_phi": 