{"xs_std": 0.06646649334217596, "ys_std": 0.04047470922137858, "xs_std_err": 0.0011965480048414742, "ys_std_err": 0.0007451682451442037, "xs_std_ci": [0.06415947848820411, 0.06885591773882999], "ys_std_ci": [0.039057659913546205, 0.0419842571384742], "obs_phi": 