{"xs_std": 0.06368238408904203, "ys_std": 0.060142619695858705, "xs_std_err": 0.0010091494861105526, "ys_std_err": 0.0009608888184425376, "xs_std_ci": [0.06173908706421232, 0.06570100756396066], "ys_std_ci": [0.05825027816236057, 0.062017935779107004], "obs_phi": 