{"xs_std": 0.06626913979369152, "ys_std": 0.08559278932168542, "xs_std_err": 0.0008637345527923344, "ys_std_err": 0.0010761925441348727, "xs_std_ci": [0.06463996635798383, 0.06800546931497899], "ys_std_ci": [0.08353907624040306, 0.08770706123703478], "obs_phi": 