{"xs_std": 0.15144810567663497, "ys_std": 0.12784650190843905, "xs_std_err": 0.002096149194281602, "ys_std_err": 0.0018281313138418975, "xs_std_ci": [0.14723587666015964, 0.15552598347140462], "ys_std_ci": [0.12429992706505992, 0.1315164499124143], "obs_phi": 