{"xs_std": 0.15516884551030505, "ys_std": 0.11461303836611772, "xs_std_err": 0.0018969794990004736, "ys_std_err": 0.0015627827234212098, "xs_std_ci": [0.15143705807810867, 0.15885296137811852], "ys_std_ci": [0.11161966660222208, 0.11775456982774019], "obs_phi": 