{"xs_std": 0.06731213991051845, "ys_std": 0.039858375517367754, "xs_std_err": 0.0013504838470125202, "ys_std_err": 0.0007644377856516232, "xs_std_ci": [0.06470362419417668, 0.06998600887184857], "ys_std_ci": [0.03838946422235675, 0.0413879651189845], "obs_phi": 