{"xs_std": 0.2955385524421169, "ys_std": 0.012778741252037132, "xs_std_err": 0.003101687632564219, "ys_std_err": 0.0001423803011963275, "xs_std_ci": [0.2894753883581188, 0.3015615960651854], "ys_std_ci": [0.012500125576248418, 0.013059058753887597], "obs_phi": 