{"xs_std": 0.32531177331358313, "ys_std": 0.23511220001474775, "xs_std_err": 0.004086895895057392, "ys_std_err": 0.0029656358687138186, "xs_std_ci": [0.31740019637802813, 0.33322383796005794], "ys_std_ci": [0.2291889983387719, 0.2408835204204974], "obs_phi": 