{"xs_std": 0.055883537098232725, "ys_std": 0.060518461815196316, "xs_std_err": 0.0012586441980260458, "ys_std_err": 0.0013138074817975805, "xs_std_ci": [0.05353519516360632, 0.058466220103732806], "ys_std_ci": [0.0580905774934655, 0.06319519162838984], "obs_phi": 