{"xs_std": 0.2409961424850639, "ys_std": 0.1913011052621153, "xs_std_err": 0.002423376424095391, "ys_std_err": 0.001932980335427865, "xs_std_ci": [0.2362465788981636, 0.24580232405663083], "ys_std_ci": [0.18757231841002245, 0.1951172057270995], "obs_phi": 