{"xs_std": 0.1695054963505957, "ys_std": 0.11471810324781574, "xs_std_err": 0.0028094820047066737, "ys_std_err": 0.0014491123909124736, "xs_std_ci": [0.16412300998185245, 0.17506231005050008], "ys_std_ci": [0.11188756524175328, 0.11755615900784265], "obs_phi": 