{"xs_std": 0.15507774877748842, "ys_std": 0.11261526285126451, "xs_std_err": 0.0018844894841835624, "ys_std_err": 0.0013639962367274286, "xs_std_ci": [0.15136654207513314, 0.15878473142809157], "ys_std_ci": [0.10991549105363857, 0.11523512227254785], "obs_phi": 