{"xs_std": 0.3105361407264764, "ys_std": 0.263288189182259, "xs_std_err": 0.00432293746571397, "ys_std_err": 0.003676652999558021, "xs_std_ci": [0.3020123399911652, 0.3191022506065312], "ys_std_ci": [0.256134204324501, 0.2705142889477966], "obs_phi": 