{"xs_std": 0.049273401925656116, "ys_std": 0.055423609422777034, "xs_std_err": 0.0007978522525773656, "ys_std_err": 0.0008317992156690057, "xs_std_ci": [0.047730157636528305, 0.05084717104154753], "ys_std_ci": [0.05383579014005256, 0.057064763253101905], "obs_phi": 