{"xs_std": 0.1527899786485937, "ys_std": 0.10150568960833743, "xs_std_err": 0.002006935838767578, "ys_std_err": 0.001394785670498541, "xs_std_ci": [0.14880426272078645, 0.15668680671645918], "ys_std_ci": [0.09881565363963354, 0.1042335798791407], "obs_phi": 