{"xs_std": 0.13884803525362086, "ys_std": 0.13147900433877718, "xs_std_err": 0.0018810411091862572, "ys_std_err": 0.0017708286809906347, "xs_std_ci": [0.13516032868544378, 0.14253002237244816], "ys_std_ci": [0.12804815462279068, 0.13499427182660675], "obs_phi": 