{"xs_std": 0.15654879367322558, "ys_std": 0.09057112191094666, "xs_std_err": 0.002733285251874008, "ys_std_err": 0.0012814909156483418, "xs_std_ci": [0.15126248401386364, 0.16199799687604566], "ys_std_ci": [0.08812394460915429, 0.09308905062412745], "obs_phi": 