{"xs_std": 0.3467686053592312, "ys_std": 0.19926656594797706, "xs_std_err": 0.005333456427760679, "ys_std_err": 0.0025120059216948176, "xs_std_ci": [0.3364808943206689, 0.3574194353016678], "ys_std_ci": [0.1942727757475413, 0.20413182246488434], "obs_phi": 