{"xs_std": 0.14075268388648854, "ys_std": 0.142688993306269, "xs_std_err": 0.0016940012200006335, "ys_std_err": 0.001705886494546651, "xs_std_ci": [0.13741464598622186, 0.1440923221261138], "ys_std_ci": [0.13934452029248856, 0.14603692699615414], "obs_phi": 