{"xs_std": 0.015249731601010525, "ys_std": 0.015249731601010523, "xs_std_err": 0.00021749096177507265, "ys_std_err": 0.00021585458514451945, "xs_std_ci": [0.01483487098013345, 0.01568370729547154], "ys_std_ci": [0.01483761031943305, 0.015689658280161896], "obs_phi": 