{"xs_std": 0.2189476322129858, "ys_std": 0.13474529691896828, "xs_std_err": 0.002183796502239793, "ys_std_err": 0.0014588934938914505, "xs_std_ci": [0.21465343544549617, 0.22318317750623448], "ys_std_ci": [0.1319340255021205, 0.13768026506231765], "obs_phi": 