{"xs_std": 0.06890495379432926, "ys_std": 0.044634219334761326, "xs_std_err": 0.0022434587522554964, "ys_std_err": 0.0014648553268197418, "xs_std_ci": [0.06489244991346273, 0.0736126835868651], "ys_std_ci": [0.04210946359131097, 0.047781261559371895], "obs_phi": 