{"xs_std": 0.14846177028840807, "ys_std": 0.11318168165635123, "xs_std_err": 0.0019173398405224614, "ys_std_err": 0.0014781991153977178, "xs_std_ci": [0.144657967523529, 0.15222732913635548], "ys_std_ci": [0.11032724213704165, 0.11611192437666477], "obs_phi": 