{"xs_std": 0.2024689665668223, "ys_std": 0.009999212287096293, "xs_std_err": 0.0023287461516563472, "ys_std_err": 0.0001055778826579392, "xs_std_ci": [0.19793868257153974, 0.207039476354738], "ys_std_ci": [0.009790374294465222, 0.010204371967368602], "obs_phi": 