{"xs_std": 0.3131557542586631, "ys_std": 0.22133541533125375, "xs_std_err": 0.004509347244269329, "ys_std_err": 0.0031861464269703024, "xs_std_ci": [0.30454050514065945, 0.3221105767733865], "ys_std_ci": [0.21524664898259468, 0.2277742621664091], "obs_phi": 