{"xs_std": 0.04704242071453786, "ys_std": 0.053408303314237, "xs_std_err": 0.0010030789672397886, "ys_std_err": 0.0010851907534043343, "xs_std_ci": [0.04512378893609166, 0.049060627700875985], "ys_std_ci": [0.05140816076117829, 0.055666437012268775], "obs_phi": 