{"xs_std": 0.22788985714279628, "ys_std": 0.13469659359951117, "xs_std_err": 0.0022283364235410235, "ys_std_err": 0.001347988779890607, "xs_std_ci": [0.22351573880045678, 0.2321988374878437], "ys_std_ci": [0.13212875269807833, 0.13734284811594002], "obs_phi": 