{"xs_std": 0.06906047206061135, "ys_std": 0.04346235580882967, "xs_std_err": 0.0012384116044132432, "ys_std_err": 0.0007592285295649371, "xs_std_ci": [0.06663679786267278, 0.07153797478453891], "ys_std_ci": [0.041986648393192876, 0.044959229998839015], "obs_phi": 