{"xs_std": 0.20064768584410866, "ys_std": 0.004922856172508506, "xs_std_err": 0.002333180496339267, "ys_std_err": 6.357424001601631e-05, "xs_std_ci": [0.1961830543180909, 0.20534655908792768], "ys_std_ci": [0.004799893731610749, 0.005046604699689154], "obs_phi": 