{"xs_std": 0.2761277173672704, "ys_std": 0.085833551693801, "xs_std_err": 0.0029377828011795345, "ys_std_err": 0.0009269804184213349, "xs_std_ci": [0.27044829415505245, 0.2819309566819351], "ys_std_ci": [0.0840507874362718, 0.08770444582555753], "obs_phi": 