{"xs_std": 0.14099873557839332, "ys_std": 0.12039142775269962, "xs_std_err": 0.0017025586277933582, "ys_std_err": 0.0014763713346717102, "xs_std_ci": [0.13761358996628703, 0.14428410117386398], "ys_std_ci": [0.11756789507211488, 0.12335710723536565], "obs_phi": 