{"xs_std": 0.16085792577203792, "ys_std": 0.09014975837907466, "xs_std_err": 0.0020471310396263025, "ys_std_err": 0.0010713312171008146, "xs_std_ci": [0.15684607388935992, 0.16484177375527076], "ys_std_ci": [0.08804813391256035, 0.09223448704016118], "obs_phi": 