{"xs_std": 0.022969940758840974, "ys_std": 0.026759395645476157, "xs_std_err": 0.00028873356504331964, "ys_std_err": 0.00032202302689021114, "xs_std_ci": [0.022412215665448525, 0.023538186933911787], "ys_std_ci": [0.026133755670336052, 0.027393409557396876], "obs_phi": 