{"xs_std": 0.06941412259652369, "ys_std": 0.08833989714424322, "xs_std_err": 0.0008299273575665732, "ys_std_err": 0.0009532566620597383, "xs_std_ci": [0.06780619615093987, 0.07106242787517379], "ys_std_ci": [0.08652568707168118, 0.09025798534032699], "obs_phi": 