{"xs_std": 0.33092978524917116, "ys_std": 0.21477067858242022, "xs_std_err": 0.004474734447922083, "ys_std_err": 0.0034350426384387334, "xs_std_ci": [0.3221865396910863, 0.33983533422717405], "ys_std_ci": [0.20825428221375245, 0.22171256236871656], "obs_phi": 