{"xs_std": 0.14710959077155128, "ys_std": 0.10764169064282675, "xs_std_err": 0.0018122717668779748, "ys_std_err": 0.0013458443792300498, "xs_std_ci": [0.14354989394635181, 0.15062793672561012], "ys_std_ci": [0.10502857535717809, 0.1103366042838722], "obs_phi": 