{"xs_std": 0.22951661547384486, "ys_std": 0.13788607419070253, "xs_std_err": 0.0025511466059906025, "ys_std_err": 0.0014738216040981514, "xs_std_ci": [0.22466922863161023, 0.23464217408870142], "ys_std_ci": [0.13498802169608523, 0.14080532003562246], "obs_phi": 