{"xs_std": 0.20820756780887353, "ys_std": 0.1704519539515164, "xs_std_err": 0.002204137602061364, "ys_std_err": 0.001803784496860223, "xs_std_ci": [0.20394125421341766, 0.2125042254748871], "ys_std_ci": [0.16702629810993078, 0.17407133748191336], "obs_phi": 