{"xs_std": 0.013545252768684493, "ys_std": 0.01646577997786539, "xs_std_err": 0.0002569353455305216, "ys_std_err": 0.0003106011624028882, "xs_std_ci": [0.013053292073825128, 0.014066010994663689], "ys_std_ci": [0.015882778294687247, 0.017093609995255967], "obs_phi": 