{"xs_std": 0.28225149204377203, "ys_std": 0.2394717477348538, "xs_std_err": 0.003531691109843161, "ys_std_err": 0.0030218334845966218, "xs_std_ci": [0.27529926785017045, 0.28915897384889666], "ys_std_ci": [0.23368696043857326, 0.24547633317665027], "obs_phi": 