{"xs_std": 0.3260377454800677, "ys_std": 0.2076093587797627, "xs_std_err": 0.004314452894352907, "ys_std_err": 0.002748643715289762, "xs_std_ci": [0.3177851528469837, 0.33457796907235937], "ys_std_ci": [0.2023557926948521, 0.21308308180144392], "obs_phi": 