{"xs_std": 0.14229563064977988, "ys_std": 0.1343503378987445, "xs_std_err": 0.0016848348930097285, "ys_std_err": 0.0015750462823121295, "xs_std_ci": [0.1390391204920725, 0.14563630054025045], "ys_std_ci": [0.1312886765931636, 0.13748227635261223], "obs_phi": 