{"xs_std": 0.22328778864088536, "ys_std": 0.12803874666675452, "xs_std_err": 0.002466874998978457, "ys_std_err": 0.001407526529311021, "xs_std_ci": [0.21844540606430826, 0.22811278458317022], "ys_std_ci": [0.12537505216139766, 0.13081309875074393], "obs_phi": 