{"xs_std": 0.08304422533960172, "ys_std": 0.10312896223598794, "xs_std_err": 0.0009281771627524288, "ys_std_err": 0.0011752668106275728, "xs_std_ci": [0.08119625362858644, 0.08484206639106456], "ys_std_ci": [0.10084937023908336, 0.10540967332832853], "obs_phi": 