{"xs_std": 0.29354372259278316, "ys_std": 0.2826990927674749, "xs_std_err": 0.0039051548306194396, "ys_std_err": 0.00375025819140421, "xs_std_ci": [0.285860464137343, 0.30116631541626876], "ys_std_ci": [0.27537646982116715, 0.29013983789429065], "obs_phi": 