{"xs_std": 0.016948257626050137, "ys_std": 0.01776108379097996, "xs_std_err": 0.00021385437115611865, "ys_std_err": 0.0002258236365870224, "xs_std_ci": [0.01652857645866397, 0.017370278980304826], "ys_std_ci": [0.01732854886487252, 0.01821318332504299], "obs_phi": 