{"xs_std": 0.17234721972418984, "ys_std": 0.13344075055358248, "xs_std_err": 0.002144707341874537, "ys_std_err": 0.0016791955771388515, "xs_std_ci": [0.16819519725499332, 0.17663545850220808], "ys_std_ci": [0.13017084057857328, 0.1368060605720225], "obs_phi": 