{"xs_std": 0.05852226273047768, "ys_std": 0.06026837018423358, "xs_std_err": 0.0008890154840960156, "ys_std_err": 0.0009117665373290221, "xs_std_ci": [0.05683268409403928, 0.06025434460557838], "ys_std_ci": [0.05850062514862834, 0.062065894387148844], "obs_phi": 