{"xs_std": 0.3240747779865787, "ys_std": 0.2470477670702693, "xs_std_err": 0.004228314928768475, "ys_std_err": 0.0031206852999852903, "xs_std_ci": [0.3157991257370389, 0.3324034342807072], "ys_std_ci": [0.24096537807588564, 0.2532996076841834], "obs_phi": 