{"xs_std": 0.06257222833444515, "ys_std": 0.04510396193943357, "xs_std_err": 0.001063143801992385, "ys_std_err": 0.0008085072851603672, "xs_std_ci": [0.06054368867684337, 0.06466121410549473], "ys_std_ci": [0.04354227096115021, 0.04671402444719141], "obs_phi": 