{"xs_std": 0.2210268975395063, "ys_std": 0.1269987988142688, "xs_std_err": 0.002279767528502224, "ys_std_err": 0.0012493983238741914, "xs_std_ci": [0.21654878902257296, 0.22553622421458036], "ys_std_ci": [0.12451543375727998, 0.1294376045820357], "obs_phi": 