{"xs_std": 0.2264485171403035, "ys_std": 0.14029291450129228, "xs_std_err": 0.0022265224782081067, "ys_std_err": 0.0013490185883872883, "xs_std_ci": [0.2220588884709896, 0.23082251559174205], "ys_std_ci": [0.1376598288613661, 0.14294791140136615], "obs_phi": 