{"xs_std": 0.0717086607012246, "ys_std": 0.055256833248107, "xs_std_err": 0.0012510694716511748, "ys_std_err": 0.0009046529020782562, "xs_std_ci": [0.0693448185560729, 0.07420569313002812], "ys_std_ci": [0.053550531273102754, 0.057105187531995866], "obs_phi": 