{"xs_std": 0.1513096183104887, "ys_std": 0.08736804474232095, "xs_std_err": 0.0018601372674185435, "ys_std_err": 0.0010534826286474634, "xs_std_ci": [0.14768588362716387, 0.1549540625712288], "ys_std_ci": [0.08532995218169413, 0.08944714699268677], "obs_phi": 