{"xs_std": 0.3014020962012723, "ys_std": 0.28532180918299005, "xs_std_err": 0.004190028149395615, "ys_std_err": 0.003996252293474064, "xs_std_ci": [0.2932501928939571, 0.3094669323268138], "ys_std_ci": [0.27744915206344106, 0.2930911652688957], "obs_phi": 