{"xs_std": 0.27956114189333175, "ys_std": 0.2744169406626383, "xs_std_err": 0.003689861893394138, "ys_std_err": 0.0035840883161546025, "xs_std_ci": [0.272207962137223, 0.28683408532047805], "ys_std_ci": [0.2674303369490253, 0.2814707580010618], "obs_phi": 