{"xs_std": 0.06625018212543825, "ys_std": 0.04838803538013241, "xs_std_err": 0.001161295176958978, "ys_std_err": 0.0008625862231160082, "xs_std_ci": [0.06396304812532938, 0.06855655903461333], "ys_std_ci": [0.04670639440055019, 0.05009308931799274], "obs_phi": 