{"xs_std": 0.2856777636441358, "ys_std": 0.239410368118451, "xs_std_err": 0.003538036116443652, "ys_std_err": 0.003061240092559835, "xs_std_ci": [0.27869374994432405, 0.2926051551157997], "ys_std_ci": [0.23342419021890676, 0.2454750497276916], "obs_phi": 