{"xs_std": 0.3378147219657092, "ys_std": 0.20281341293176805, "xs_std_err": 0.005104293263520204, "ys_std_err": 0.0031597351184963164, "xs_std_ci": [0.3278616371033276, 0.3481656312296595], "ys_std_ci": [0.19674513769545843, 0.2092847787697037], "obs_phi": 