{"xs_std": 0.1560316980299338, "ys_std": 0.15721921536316336, "xs_std_err": 0.003086755015782413, "ys_std_err": 0.002884179912547946, "xs_std_ci": [0.15005718355443573, 0.1621553395994336], "ys_std_ci": [0.1518289986514555, 0.16305815857997344], "obs_phi": 