{"xs_std": 0.16596150038917823, "ys_std": 0.10134954185093553, "xs_std_err": 0.0023350025892340926, "ys_std_err": 0.0013981840675331121, "xs_std_ci": [0.16148490356020068, 0.17053552620296406], "ys_std_ci": [0.09864526037317889, 0.10412516412874427], "obs_phi": 