{"xs_std": 0.07141341719181936, "ys_std": 0.03968053028891666, "xs_std_err": 0.001343142044303408, "ys_std_err": 0.0006291064046789937, "xs_std_ci": [0.06876584445032341, 0.07409976263600697], "ys_std_ci": [0.038480952021135696, 0.040917384871745024], "obs_phi": 