{"xs_std": 0.3089075945034914, "ys_std": 0.22452402368201568, "xs_std_err": 0.004209320380461137, "ys_std_err": 0.00302606990053724, "xs_std_ci": [0.3007555950899973, 0.31712247044252134], "ys_std_ci": [0.21864983861649614, 0.2304334937200688], "obs_phi": 