{"xs_std": 0.22008278803801481, "ys_std": 0.1298167891867504, "xs_std_err": 0.0022858722921996377, "ys_std_err": 0.0012483543067669826, "xs_std_ci": [0.2156102321358111, 0.2245887635072158], "ys_std_ci": [0.12741102737158402, 0.13228064103247886], "obs_phi": 