{"xs_std": 0.16729799943524257, "ys_std": 0.09662942357685685, "xs_std_err": 0.0023882865195537432, "ys_std_err": 0.001259329633153906, "xs_std_ci": [0.16267104131184304, 0.17205703307251788], "ys_std_ci": [0.09417469034475166, 0.09910887103882364], "obs_phi": 