{"xs_std": 0.15625284837051076, "ys_std": 0.09530170049927233, "xs_std_err": 0.002017146984525001, "ys_std_err": 0.001197174358228443, "xs_std_ci": [0.1522989300041765, 0.16019005454919522], "ys_std_ci": [0.09299064789921253, 0.09768125528853468], "obs_phi": 