{"xs_std": 0.2286043237111748, "ys_std": 0.12875925071658773, "xs_std_err": 0.00240648783334363, "ys_std_err": 0.0013409266765854334, "xs_std_ci": [0.2240047952342803, 0.2333952568468793], "ys_std_ci": [0.12614222315194812, 0.13149419413876812], "obs_phi": 