{"xs_std": 0.22431727009758606, "ys_std": 0.1303270672237891, "xs_std_err": 0.0022010914148358975, "ys_std_err": 0.0012785042835073489, "xs_std_ci": [0.2200577567516503, 0.2287625581448361], "ys_std_ci": [0.12786361833327703, 0.13290456254157507], "obs_phi": 