{"xs_std": 0.3203039611709516, "ys_std": 0.19911848828885653, "xs_std_err": 0.00429976229878336, "ys_std_err": 0.0027435050186436494, "xs_std_ci": [0.31197364391573845, 0.3287790748923049], "ys_std_ci": [0.1938500658192947, 0.2046550636816526], "obs_phi": 