{"xs_std": 0.29963231982885163, "ys_std": 0.2689756614339549, "xs_std_err": 0.003999225881668344, "ys_std_err": 0.0036239535616018463, "xs_std_ci": [0.2918975947914471, 0.30734443834837966], "ys_std_ci": [0.2621365297839636, 0.27628480520534576], "obs_phi": 