{"xs_std": 0.05074719762186073, "ys_std": 0.05074719762186073, "xs_std_err": 0.0006457681019487938, "ys_std_err": 0.0006437650990269502, "xs_std_ci": [0.049479543105308846, 0.052007152258284325], "ys_std_ci": [0.04949133140438178, 0.052019091028883364], "obs_phi": 