{"xs_std": 0.14025410298578112, "ys_std": 0.12140010574190509, "xs_std_err": 0.0016804668000893015, "ys_std_err": 0.0014653373520294932, "xs_std_ci": [0.13703419867352787, 0.1435793537648605], "ys_std_ci": [0.11854638086038759, 0.12426074627687668], "obs_phi": 