{"xs_std": 0.1556264753395086, "ys_std": 0.09049942298053497, "xs_std_err": 0.002045210576258447, "ys_std_err": 0.0012134464457663754, "xs_std_ci": [0.15164835647357952, 0.15970644280755858], "ys_std_ci": [0.0881635658302099, 0.0929295993405824], "obs_phi": 