{"xs_std": 0.1555747559191048, "ys_std": 0.13260636786116833, "xs_std_err": 0.0018209649839692058, "ys_std_err": 0.0015148295869523716, "xs_std_ci": [0.1519667774456906, 0.15913879718777466], "ys_std_ci": [0.12964634897326902, 0.13563449859939775], "obs_phi": 