{"xs_std": 0.08093681708024186, "ys_std": 0.031496616484390075, "xs_std_err": 0.0013604442026422647, "ys_std_err": 0.0005409613449416641, "xs_std_ci": [0.07831250751844798, 0.08359015289263581], "ys_std_ci": [0.030471925560867873, 0.03260778657920113], "obs_phi": 