{"xs_std": 0.02500050506720664, "ys_std": 0.031497050709245536, "xs_std_err": 0.00039943558308307473, "ys_std_err": 0.00047794455246518417, "xs_std_ci": [0.024229378702399457, 0.02581438393880836], "ys_std_ci": [0.03057885684634658, 0.0324383313161916], "obs_phi": 