{"xs_std": 0.10349067562199338, "ys_std": 0.13306992735014267, "xs_std_err": 0.001026251690043396, "ys_std_err": 0.001350154458183117, "xs_std_ci": [0.10146928113894245, 0.10547391206190235], "ys_std_ci": [0.13034699725660384, 0.13571900754324046], "obs_phi": 