{"xs_std": 0.07410116339669408, "ys_std": 0.047222299304140555, "xs_std_err": 0.00118728706086818, "ys_std_err": 0.0007589045959548793, "xs_std_ci": [0.0718218082464089, 0.07646115286034154], "ys_std_ci": [0.04575559810185978, 0.04873822123757894], "obs_phi": 