{"xs_std": 0.20174183095807421, "ys_std": 0.2065304122291053, "xs_std_err": 0.002129916735109052, "ys_std_err": 0.0020886879038941775, "xs_std_ci": [0.19761786349999755, 0.205946699327127], "ys_std_ci": [0.20243492208419137, 0.21056706807096567], "obs_phi": 