{"xs_std": 0.07530932579141635, "ys_std": 0.04313050179395942, "xs_std_err": 0.0012551068402647594, "ys_std_err": 0.0006703164982287944, "xs_std_ci": [0.07289205297833488, 0.07776749558239456], "ys_std_ci": [0.04184285680441596, 0.044462331007441], "obs_phi": 