{"xs_std": 0.06307584851834595, "ys_std": 0.08090183419486328, "xs_std_err": 0.0008030656978177621, "ys_std_err": 0.0010260299591888786, "xs_std_ci": [0.06152803022782229, 0.0646822658313538], "ys_std_ci": [0.07891429938095124, 0.0829680136935834], "obs_phi": 