{"xs_std": 0.0654053355438522, "ys_std": 0.03712870983005665, "xs_std_err": 0.0010922986751242976, "ys_std_err": 0.0005833984638508287, "xs_std_ci": [0.0632701895533492, 0.06757510161165213], "ys_std_ci": [0.035985892453752305, 0.03829504178808804], "obs_phi": 