{"xs_std": 0.3145953472595076, "ys_std": 0.2096797329958213, "xs_std_err": 0.004384105256794052, "ys_std_err": 0.00286668849045135, "xs_std_ci": [0.30599190197757437, 0.32333576877365655], "ys_std_ci": [0.20408437216057546, 0.215381930540636], "obs_phi": 