{"xs_std": 0.33241295492896616, "ys_std": 0.21493539705260514, "xs_std_err": 0.004559767019781541, "ys_std_err": 0.0032526969235999407, "xs_std_ci": [0.3234271592903189, 0.3413236249342235], "ys_std_ci": [0.20877458570983842, 0.22153451157242], "obs_phi": 