{"xs_std": 0.14166923904630854, "ys_std": 0.13298587095293618, "xs_std_err": 0.0017825606682292563, "ys_std_err": 0.001703376798556431, "xs_std_ci": [0.13815951743507868, 0.14509636306536514], "ys_std_ci": [0.1296854616328485, 0.13633940350327317], "obs_phi": 