{"xs_std": 0.03964587710444201, "ys_std": 0.050633782547345046, "xs_std_err": 0.0004852855311348659, "ys_std_err": 0.0006311833565048508, "xs_std_ci": [0.038706745840729126, 0.04061426549505373], "ys_std_ci": [0.049411356823669025, 0.0519021128626061], "obs_phi": 