{"xs_std": 0.04380260027460889, "ys_std": 0.05238736430276846, "xs_std_err": 0.0009925934759636543, "ys_std_err": 0.0011139229562457684, "xs_std_ci": [0.04195670541461637, 0.04582400833056051], "ys_std_ci": [0.05025430051931925, 0.054645373341022284], "obs_phi": 