{"xs_std": 0.08115106961887135, "ys_std": 0.04330549075039386, "xs_std_err": 0.0016591467714574995, "ys_std_err": 0.0008609455443070448, "xs_std_ci": [0.07799614605474467, 0.08458352680362557], "ys_std_ci": [0.04168878310527315, 0.045078030925955345], "obs_phi": 