{"xs_std": 0.15367420750376928, "ys_std": 0.1050029167079846, "xs_std_err": 0.0020705082047614556, "ys_std_err": 0.0014193402311596002, "xs_std_ci": [0.149696178216994, 0.15775002032152696], "ys_std_ci": [0.10224773652036684, 0.10783097528362], "obs_phi": 