{"xs_std": 0.16040606525674495, "ys_std": 0.0925545174530287, "xs_std_err": 0.0020803435757617305, "ys_std_err": 0.0011470942750423548, "xs_std_ci": [0.15635433029378987, 0.16446566671943172], "ys_std_ci": [0.09032133384400391, 0.09478084859396624], "obs_phi": 