{"xs_std": 0.011425928720241311, "ys_std": 0.013748858504101666, "xs_std_err": 0.00016717795184982833, "ys_std_err": 0.00019452159874482186, "xs_std_ci": [0.011093964577597907, 0.011751220126689185], "ys_std_ci": [0.013365526632472481, 0.014126390011104157], "obs_phi": 