{"xs_std": 0.1761002207890297, "ys_std": 0.11204381722196373, "xs_std_err": 0.002313073277405405, "ys_std_err": 0.0014963542563499583, "xs_std_ci": [0.17164105235469249, 0.18073809166346147], "ys_std_ci": [0.10913051274001971, 0.1150316852433965], "obs_phi": 