{"xs_std": 0.05539937432269699, "ys_std": 0.052930594035431, "xs_std_err": 0.0008244686435209218, "ys_std_err": 0.0008069762873425623, "xs_std_ci": [0.0538247224580574, 0.05704124561781648], "ys_std_ci": [0.05135734103767342, 0.05451909376248053], "obs_phi": 