{"xs_std": 0.3221833787010502, "ys_std": 0.2173228283947952, "xs_std_err": 0.0047293032687051005, "ys_std_err": 0.003228988047288693, "xs_std_ci": [0.3130561725484134, 0.3316333628690659], "ys_std_ci": [0.21094249072673465, 0.22368300236742136], "obs_phi": 