{"xs_std": 0.28964090422122407, "ys_std": 0.05090695736742075, "xs_std_err": 0.003797226464281111, "ys_std_err": 0.0006952362413961026, "xs_std_ci": [0.2823992480519007, 0.2972364041064238], "ys_std_ci": [0.04960867197251926, 0.052323282177840734], "obs_phi": 