{"xs_std": 0.1532982089672206, "ys_std": 0.0947095095476339, "xs_std_err": 0.0020468231219659583, "ys_std_err": 0.0012289779107460229, "xs_std_ci": [0.14932446605725466, 0.15729046194614404], "ys_std_ci": [0.09226457939270183, 0.0970787505623437], "obs_phi": 