{"xs_std": 0.066367096665258, "ys_std": 0.03945066219699247, "xs_std_err": 0.0010671568108563622, "ys_std_err": 0.0006229220339745545, "xs_std_ci": [0.06429239309559154, 0.06846991006381362], "ys_std_ci": [0.038238037594298495, 0.04069159491116421], "obs_phi": 