{"xs_std": 0.1583008726311251, "ys_std": 0.10535543583526295, "xs_std_err": 0.0024843711758383105, "ys_std_err": 0.0014808932154047113, "xs_std_ci": [0.15347435866631362, 0.1631643689011112], "ys_std_ci": [0.1024623822928071, 0.10832059095509829], "obs_phi": 