{"xs_std": 0.19174371498463233, "ys_std": 0.10295561391429896, "xs_std_err": 0.00239766314070302, "ys_std_err": 0.00129388075385422, "xs_std_ci": [0.18708218307969834, 0.19645661313655344], "ys_std_ci": [0.10040510081269567, 0.10550491753252177], "obs_phi": 