{"xs_std": 0.23578256447354007, "ys_std": 0.1957266708815403, "xs_std_err": 0.0022043134649586036, "ys_std_err": 0.0017802146997907056, "xs_std_ci": [0.23146553319018648, 0.24006373757735489], "ys_std_ci": [0.1921431867668956, 0.1991756819305852], "obs_phi": 