{"xs_std": 0.15073545116503514, "ys_std": 0.09222859028523571, "xs_std_err": 0.00204389978632251, "ys_std_err": 0.0012693309910077706, "xs_std_ci": [0.14674233219327149, 0.1548731738403149], "ys_std_ci": [0.08982238217816313, 0.09477278159674311], "obs_phi": 