{"xs_std": 0.30777052116503584, "ys_std": 0.21522932295774377, "xs_std_err": 0.004191047054441086, "ys_std_err": 0.0031548971139509882, "xs_std_ci": [0.2995058724039684, 0.31596792554731795], "ys_std_ci": [0.20914988738057913, 0.2215068455497192], "obs_phi": 