{"xs_std": 0.32876091446364486, "ys_std": 0.26091983649769, "xs_std_err": 0.004060436642477737, "ys_std_err": 0.0030425039315145263, "xs_std_ci": [0.3206923431774951, 0.3367827552677157], "ys_std_ci": [0.25497663079684124, 0.26698093363338504], "obs_phi": 