{"xs_std": 0.08653102436090639, "ys_std": 0.01980463481746514, "xs_std_err": 0.0013825550938254938, "ys_std_err": 0.00033113527730369155, "xs_std_ci": [0.08383864988214923, 0.08923068282301988], "ys_std_ci": [0.01916491018861189, 0.02045605197535031], "obs_phi": 