{"xs_std": 0.057086101042283864, "ys_std": 0.07212709794376615, "xs_std_err": 0.0005474701757781531, "ys_std_err": 0.0006760959744037115, "xs_std_ci": [0.056031439960030724, 0.058153229811610016], "ys_std_ci": [0.07080726168401008, 0.07348723855977203], "obs_phi": 