{"xs_std": 0.16092316335436507, "ys_std": 0.1214027862363272, "xs_std_err": 0.0021048373737822946, "ys_std_err": 0.0014456896498617133, "xs_std_ci": [0.1567964763637046, 0.16493696512493583], "ys_std_ci": [0.11860073312202526, 0.12427064747224187], "obs_phi": 