{"xs_std": 0.21969367994762712, "ys_std": 0.13843718826006915, "xs_std_err": 0.0024959949742827947, "ys_std_err": 0.0014465371834552804, "xs_std_ci": [0.21489826697521922, 0.2246457723237839], "ys_std_ci": [0.13564433858034167, 0.14129366459128337], "obs_phi": 