{"xs_std": 0.06463175477515756, "ys_std": 0.04304194450880118, "xs_std_err": 0.0014258531213083444, "ys_std_err": 0.0008933015177658958, "xs_std_ci": [0.06190532550758216, 0.06749311406015153], "ys_std_ci": [0.041366167671208785, 0.04483602876636966], "obs_phi": 