{"xs_std": 0.23039189569495078, "ys_std": 0.18507579020845646, "xs_std_err": 0.00210953759351737, "ys_std_err": 0.0017139054826357733, "xs_std_ci": [0.22624236886539895, 0.23458182510224815], "ys_std_ci": [0.18170916928969574, 0.18843379518031667], "obs_phi": 