{"xs_std": 0.3071103120125669, "ys_std": 0.21999829051422629, "xs_std_err": 0.004342676281445119, "ys_std_err": 0.003102339905642343, "xs_std_ci": [0.29870366742910703, 0.31582620673867495], "ys_std_ci": [0.21399103060835745, 0.22615609125487315], "obs_phi": 