{"xs_std": 0.14392438385679077, "ys_std": 0.17000037195797274, "xs_std_err": 0.0014104778530647905, "ys_std_err": 0.001663222403265994, "xs_std_ci": [0.14113236971873924, 0.1466937823758463], "ys_std_ci": [0.16679293178475585, 0.1733204981790595], "obs_phi": 