{"xs_std": 0.3347802030876442, "ys_std": 0.2090167970858823, "xs_std_err": 0.004712301324498215, "ys_std_err": 0.002839572533546767, "xs_std_ci": [0.32582100971328404, 0.3440921121132879], "ys_std_ci": [0.20346670003761888, 0.21464247913284382], "obs_phi": 