{"xs_std": 0.13254506366031465, "ys_std": 0.13249465217898204, "xs_std_err": 0.0017185822707828332, "ys_std_err": 0.0017160350293490578, "xs_std_ci": [0.12925345396541082, 0.1360234517345695], "ys_std_ci": [0.12913567934137707, 0.1358800047309552], "obs_phi": 