{"xs_std": 0.19013688317717226, "ys_std": 0.10720733415808953, "xs_std_err": 0.002364846332011959, "ys_std_err": 0.0012795022960844689, "xs_std_ci": [0.1856196141966288, 0.19485616021092592], "ys_std_ci": [0.10470423924409664, 0.10978996127416929], "obs_phi": 