{"xs_std": 0.3259428599513025, "ys_std": 0.21421870376099256, "xs_std_err": 0.0042223472218607385, "ys_std_err": 0.002667549259270045, "xs_std_ci": [0.3176325908104932, 0.3341192674520601], "ys_std_ci": [0.20901449199622082, 0.21952204147666465], "obs_phi": 