{"xs_std": 0.06943151891524835, "ys_std": 0.04102051915414985, "xs_std_err": 0.002142213483807128, "ys_std_err": 0.000860740569914207, "xs_std_ci": [0.06546617609804434, 0.07380977154451658], "ys_std_ci": [0.0394172607000118, 0.04276067127995025], "obs_phi": 