{"xs_std": 0.22780810171524898, "ys_std": 0.13147643426133337, "xs_std_err": 0.002649019441515922, "ys_std_err": 0.0013818770106264725, "xs_std_ci": [0.22263869085401414, 0.23306010224969137], "ys_std_ci": [0.12881379241172242, 0.13418645033010038], "obs_phi": 