{"xs_std": 0.15012742993267503, "ys_std": 0.12563853581168552, "xs_std_err": 0.0020641042766278883, "ys_std_err": 0.001743494376660359, "xs_std_ci": [0.1460891660044296, 0.1541853410456467], "ys_std_ci": [0.12226603658141076, 0.1291628596333158], "obs_phi": 