{"xs_std": 0.03524262868383384, "ys_std": 0.04126402229982678, "xs_std_err": 0.0003642458161891114, "ys_std_err": 0.00041834674684988564, "xs_std_ci": [0.034539318410258764, 0.03596365650285484], "ys_std_ci": [0.04046995450493523, 0.04208869401101918], "obs_phi": 