{"xs_std": 0.18274095106409396, "ys_std": 0.1955237576071093, "xs_std_err": 0.0018940386190867216, "ys_std_err": 0.0020206830624813037, "xs_std_ci": [0.17908229983851237, 0.18648570523766553], "ys_std_ci": [0.19159890425943418, 0.19950173506152608], "obs_phi": 