{"xs_std": 0.009805977183397142, "ys_std": 0.011432486025206412, "xs_std_err": 0.00017505452634696765, "ys_std_err": 0.00019940469705592587, "xs_std_ci": [0.009466399309744987, 0.010157357988495552], "ys_std_ci": [0.011045303950939831, 0.011823915879578746], "obs_phi": 