{"xs_std": 0.32106890956939765, "ys_std": 0.2588759354192518, "xs_std_err": 0.0046625032477982335, "ys_std_err": 0.003805293891054351, "xs_std_ci": [0.31195780378286037, 0.3300726222889242], "ys_std_ci": [0.25168606184312464, 0.26640261747446503], "obs_phi": 