{"xs_std": 0.31744594758477146, "ys_std": 0.1890853453280674, "xs_std_err": 0.004001749267345096, "ys_std_err": 0.002455197937925805, "xs_std_ci": [0.3096801873801668, 0.3253297455215942], "ys_std_ci": [0.1844045656473716, 0.19395576780307738], "obs_phi": 