{"xs_std": 0.06735814820976012, "ys_std": 0.0552364807876177, "xs_std_err": 0.0011950130488785622, "ys_std_err": 0.0009506730770971774, "xs_std_ci": [0.0651034776793212, 0.06972692877804561], "ys_std_ci": [0.053471418256894075, 0.05717120925226495], "obs_phi": 