{"xs_std": 0.15403693922118755, "ys_std": 0.10189948450212886, "xs_std_err": 0.00224504230874744, "ys_std_err": 0.0013701629124546447, "xs_std_ci": [0.14973668838080947, 0.15855185279154946], "ys_std_ci": [0.09923495203246065, 0.10457219594609302], "obs_phi": 