{"xs_std": 0.1450890453803216, "ys_std": 0.14486790994239804, "xs_std_err": 0.0021214697575504763, "ys_std_err": 0.0021484378342498008, "xs_std_ci": [0.14094099708170096, 0.1492460712523803], "ys_std_ci": [0.1406629800064537, 0.14920704465540452], "obs_phi": 