{"xs_std": 0.14569228219339475, "ys_std": 0.1167239671472166, "xs_std_err": 0.0019801478917569415, "ys_std_err": 0.0015833678148429971, "xs_std_ci": [0.1419266550387302, 0.14964055859077455], "ys_std_ci": [0.11365664429023829, 0.11981434241437386], "obs_phi": 