{"xs_std": 0.15753820355404596, "ys_std": 0.18249809992453575, "xs_std_err": 0.0015357840610296849, "ys_std_err": 0.0017762225235847908, "xs_std_ci": [0.15451070032034417, 0.16055574558002922], "ys_std_ci": [0.1790409700812726, 0.18596715412957923], "obs_phi": 