{"xs_std": 0.15565458146661937, "ys_std": 0.09183862816297089, "xs_std_err": 0.0020583490052447947, "ys_std_err": 0.0011317401884180373, "xs_std_ci": [0.15162253194880307, 0.15978464421447], "ys_std_ci": [0.08962928311660795, 0.094085736730933], "obs_phi": 