{"xs_std": 0.2954925457458017, "ys_std": 0.2821661051353215, "xs_std_err": 0.004036238496691098, "ys_std_err": 0.003950861200511062, "xs_std_ci": [0.2876072548095431, 0.3034282426583183], "ys_std_ci": [0.27443721748767563, 0.28993486211585046], "obs_phi": 