{"xs_std": 0.2072411089992499, "ys_std": 0.1725642151147352, "xs_std_err": 0.002212306903455433, "ys_std_err": 0.0018906328321101472, "xs_std_ci": [0.20290784270498236, 0.2116061211666052], "ys_std_ci": [0.16887391103318397, 0.176351522121142], "obs_phi": 