{"xs_std": 0.33309851063663504, "ys_std": 0.22205711491104402, "xs_std_err": 0.005014075321489676, "ys_std_err": 0.0030948257294925656, "xs_std_ci": [0.3235204621444623, 0.34317209559270406], "ys_std_ci": [0.2160921697733008, 0.22825232623858902], "obs_phi": 