{"xs_std": 0.04648923523470684, "ys_std": 0.054489463268122935, "xs_std_err": 0.0009908784691869976, "ys_std_err": 0.0010247471799033829, "xs_std_ci": [0.04465490597996671, 0.04854887395881585], "ys_std_ci": [0.05255350047026839, 0.05657094801625417], "obs_phi": 