{"xs_std": 0.16611678106385203, "ys_std": 0.09699676130897325, "xs_std_err": 0.0023260468159954973, "ys_std_err": 0.0012271354961386955, "xs_std_ci": [0.16162398791923538, 0.17074045077138814], "ys_std_ci": [0.09458664378582421, 0.09936927646485497], "obs_phi": 