{"xs_std": 0.06823680082678335, "ys_std": 0.03822971118933453, "xs_std_err": 0.0012643304123649843, "ys_std_err": 0.0007371517458713236, "xs_std_ci": [0.06576369676868632, 0.07070368361968728], "ys_std_ci": [0.036840944390232826, 0.03973734780903591], "obs_phi": 