{"xs_std": 0.12658278334073814, "ys_std": 0.1564889527984278, "xs_std_err": 0.0012908609652556948, "ys_std_err": 0.0016389175781858843, "xs_std_ci": [0.12408474846152666, 0.12909339534571213], "ys_std_ci": [0.15331996961803482, 0.15967372484192519], "obs_phi": 