{"xs_std": 0.052370737399843284, "ys_std": 0.05853555977322025, "xs_std_err": 0.0009696227593354706, "ys_std_err": 0.0009948661134919774, "xs_std_ci": [0.05050602972746631, 0.05434287417323998], "ys_std_ci": [0.05659809970248029, 0.06052709137121213], "obs_phi": 