{"xs_std": 0.21789867333042717, "ys_std": 0.13731221944921437, "xs_std_err": 0.002334922607540223, "ys_std_err": 0.001450007868972502, "xs_std_ci": [0.21337646574032662, 0.22254964647645292], "ys_std_ci": [0.13451410932516344, 0.14012648286581017], "obs_phi": 