{"xs_std": 0.2070622649219522, "ys_std": 0.196448544980476, "xs_std_err": 0.002079814714606754, "ys_std_err": 0.002001771270169882, "xs_std_ci": [0.20298119688452138, 0.2111356031427665], "ys_std_ci": [0.1925807114999228, 0.20043361423008493], "obs_phi": 