{"xs_std": 0.16135153296169308, "ys_std": 0.18557091642284723, "xs_std_err": 0.001560797172961234, "ys_std_err": 0.0018129070192827764, "xs_std_ci": [0.15829093066833866, 0.16442795483339778], "ys_std_ci": [0.1820341781926353, 0.18908524566786875], "obs_phi": 