{"xs_std": 0.21996613009053645, "ys_std": 0.12747485029649475, "xs_std_err": 0.0022548844615380217, "ys_std_err": 0.0012469468569290328, "xs_std_ci": [0.21553510381940638, 0.22444554476863854], "ys_std_ci": [0.1250566629970653, 0.1298598506983627], "obs_phi": 