{"xs_std": 0.3181997778053987, "ys_std": 0.27807182949772635, "xs_std_err": 0.004406341919661637, "ys_std_err": 0.0038680341272414455, "xs_std_ci": [0.3095656336537338, 0.3269423363855678], "ys_std_ci": [0.2704314727176307, 0.28571133361994605], "obs_phi": 