{"xs_std": 0.1614004272860383, "ys_std": 0.09078204001751357, "xs_std_err": 0.003412944782444183, "ys_std_err": 0.0015130849262292713, "xs_std_ci": [0.1551556144905006, 0.16851965548597247], "ys_std_ci": [0.08800880751976832, 0.09393141573050505], "obs_phi": 