{"xs_std": 0.34043664698887455, "ys_std": 0.1926889187008811, "xs_std_err": 0.005175267406315403, "ys_std_err": 0.002474679193175062, "xs_std_ci": [0.33041158441213164, 0.3508207648131322], "ys_std_ci": [0.18790453904527438, 0.19767802928061576], "obs_phi": 