{"xs_std": 0.24314470791484688, "ys_std": 0.1722333821180303, "xs_std_err": 0.0022937782857423987, "ys_std_err": 0.0016197328426353294, "xs_std_ci": [0.23872215881081676, 0.24760261400083605], "ys_std_ci": [0.16904789035677653, 0.1753906387536489], "obs_phi": 