{"xs_std": 0.2982890757139146, "ys_std": 0.25678104018501324, "xs_std_err": 0.004067918520323709, "ys_std_err": 0.003515448624958809, "xs_std_ci": [0.2903302729512453, 0.306295870928237], "ys_std_ci": [0.25000168274966283, 0.2637278525204597], "obs_phi": 