{"xs_std": 0.1520557927163255, "ys_std": 0.10326533826101703, "xs_std_err": 0.0021267522722220843, "ys_std_err": 0.0014531307359094538, "xs_std_ci": [0.14795884391643666, 0.15634078743294944], "ys_std_ci": [0.10045879903705436, 0.1060713969581856], "obs_phi": 