{"xs_std": 0.32411952507074576, "ys_std": 0.2036944598873517, "xs_std_err": 0.004827328723481664, "ys_std_err": 0.0029136171735282333, "xs_std_ci": [0.31473942214110195, 0.33363090524567296], "ys_std_ci": [0.19809308765869132, 0.2093893194131984], "obs_phi": 