{"xs_std": 0.34016377898345235, "ys_std": 0.1954285885865594, "xs_std_err": 0.004934522382657101, "ys_std_err": 0.0027467310415277457, "xs_std_ci": [0.3305530307036836, 0.3499354574769393], "ys_std_ci": [0.19007486064646578, 0.20087468699644087], "obs_phi": 