{"xs_std": 0.14810638493687395, "ys_std": 0.1431854083482269, "xs_std_err": 0.0020587981967049615, "ys_std_err": 0.0019088502416920458, "xs_std_ci": [0.14412975949284282, 0.15222342806360606], "ys_std_ci": [0.13947104478047934, 0.14703476102512028], "obs_phi": 