{"xs_std": 0.08630349275860719, "ys_std": 0.10917767178052522, "xs_std_err": 0.0008970175565625829, "ys_std_err": 0.0010981234731712347, "xs_std_ci": [0.08456053073654776, 0.08806637014617812], "ys_std_ci": [0.10701725991994943, 0.11138505223299339], "obs_phi": 