{"xs_std": 0.06872929603003669, "ys_std": 0.040456612206796076, "xs_std_err": 0.0012518901269757026, "ys_std_err": 0.0007293582353957159, "xs_std_ci": [0.06629789705373804, 0.07124063366584672], "ys_std_ci": [0.03906329592404248, 0.041895046710123965], "obs_phi": 