{"xs_std": 0.16384818956650762, "ys_std": 0.1116344512223455, "xs_std_err": 0.002538482903130519, "ys_std_err": 0.0013990033941536353, "xs_std_ci": [0.15889398171316296, 0.16881835287721714], "ys_std_ci": [0.10893774923662373, 0.11438204376383296], "obs_phi": 