{"xs_std": 0.06052324104245438, "ys_std": 0.04933604589490191, "xs_std_err": 0.0010739700482525186, "ys_std_err": 0.00086181960248039, "xs_std_ci": [0.058469416747562106, 0.06268260286279335], "ys_std_ci": [0.04769554829298975, 0.05104301529006421], "obs_phi": 