{"xs_std": 0.21485564096696438, "ys_std": 0.1393170942651007, "xs_std_err": 0.0024539283340509277, "ys_std_err": 0.0015418577045056593, "xs_std_ci": [0.21009799145157054, 0.2197759379792965], "ys_std_ci": [0.1363312763064624, 0.14241687614058635], "obs_phi": 