{"xs_std": 0.01974591972282142, "ys_std": 0.021540014681654163, "xs_std_err": 0.00023327936357059187, "ys_std_err": 0.00025649892538776904, "xs_std_ci": [0.01929344742513219, 0.020208370139101903], "ys_std_ci": [0.02103810706797564, 0.022045574154349618], "obs_phi": 