{"xs_std": 0.06369160279337985, "ys_std": 0.04044064038660678, "xs_std_err": 0.0010184603299161507, "ys_std_err": 0.0006444839747783093, "xs_std_ci": [0.06170419594323251, 0.06566818701236216], "ys_std_ci": [0.039209890718797456, 0.04174034414176297], "obs_phi": 