{"xs_std": 0.15105423420399952, "ys_std": 0.1020328230667897, "xs_std_err": 0.0019103335221617751, "ys_std_err": 0.0012812535130720538, "xs_std_ci": [0.14723404110476912, 0.15477481725314796], "ys_std_ci": [0.09952114656821641, 0.10453215166978512], "obs_phi": 