{"xs_std": 0.1584800700026565, "ys_std": 0.10201667795201545, "xs_std_err": 0.002122942827310438, "ys_std_err": 0.0013147649908830307, "xs_std_ci": [0.15428680832940792, 0.1626299343188485], "ys_std_ci": [0.09940074194149513, 0.10459003293756114], "obs_phi": 