{"xs_std": 0.3101811905450405, "ys_std": 0.2182994892614081, "xs_std_err": 0.004072300414079464, "ys_std_err": 0.0029388488494059496, "xs_std_ci": [0.3021323265119799, 0.3179904814379633], "ys_std_ci": [0.2126314874615413, 0.22412899953265816], "obs_phi": 