{"xs_std": 0.33113605144542985, "ys_std": 0.19593500167289818, "xs_std_err": 0.0046340031098174375, "ys_std_err": 0.002587204456484751, "xs_std_ci": [0.32201097712566235, 0.3403451370543456], "ys_std_ci": [0.19103197628652574, 0.2011058241330549], "obs_phi": 