{"xs_std": 0.13770277346974832, "ys_std": 0.16713587743911013, "xs_std_err": 0.0014144828530169825, "ys_std_err": 0.0016987703895335272, "xs_std_ci": [0.1349156270241014, 0.14052440731145716], "ys_std_ci": [0.16373753538055136, 0.17039394723776335], "obs_phi": 