{"xs_std": 0.22601503137677387, "ys_std": 0.1383527023763171, "xs_std_err": 0.0022929569043435402, "ys_std_err": 0.001385329013219219, "xs_std_ci": [0.221550497464244, 0.23058427848366567], "ys_std_ci": [0.13569937625089556, 0.14114284226582857], "obs_phi": 