{"xs_std": 0.3001650425554889, "ys_std": 0.1886174424928437, "xs_std_err": 0.004014319071721594, "ys_std_err": 0.002431789006887126, "xs_std_ci": [0.29230621271024626, 0.30808784098630904], "ys_std_ci": [0.1838962402222978, 0.19350651270783997], "obs_phi": 