{"xs_std": 0.14536345766366343, "ys_std": 0.14190173189817132, "xs_std_err": 0.0019158236140637147, "ys_std_err": 0.0018733983121519437, "xs_std_ci": [0.1416193721445832, 0.14915046844152005], "ys_std_ci": [0.1382642704019387, 0.14553744616269562], "obs_phi": 