{"xs_std": 0.1739192134053082, "ys_std": 0.12710547162115757, "xs_std_err": 0.0020013392948027135, "ys_std_err": 0.0014383217814464186, "xs_std_ci": [0.17001276457261677, 0.1778562438899351], "ys_std_ci": [0.12431536349615412, 0.12996721298913166], "obs_phi": 