{"xs_std": 0.31624748830043947, "ys_std": 0.19002491445659653, "xs_std_err": 0.004432381754325925, "ys_std_err": 0.0027122355533878953, "xs_std_ci": [0.30769226443838066, 0.3250808270801732], "ys_std_ci": [0.18476880101830934, 0.19537195508511468], "obs_phi": 