{"xs_std": 0.20025324377881423, "ys_std": 0.06170220697278317, "xs_std_err": 0.0024555435120307036, "ys_std_err": 0.0007291440189873484, "xs_std_ci": [0.1954977919548985, 0.2051365052342981], "ys_std_ci": [0.06029041287705302, 0.06311687652676426], "obs_phi": 