{"xs_std": 0.28888424895219494, "ys_std": 0.034961836720685514, "xs_std_err": 0.0032333034500508437, "ys_std_err": 0.00040590501280843543, "xs_std_ci": [0.28259839741153914, 0.29533992609384757], "ys_std_ci": [0.03415176978792638, 0.035750499628171326], "obs_phi": 