{"xs_std": 0.2897828344790414, "ys_std": 0.0069377455471995066, "xs_std_err": 0.0028870589187607308, "ys_std_err": 6.86182017318825e-05, "xs_std_ci": [0.28419090813441433, 0.29551659755565457], "ys_std_ci": [0.0068050692391162125, 0.007074355127214241], "obs_phi": 