{"xs_std": 0.06279137226530154, "ys_std": 0.045063700265079776, "xs_std_err": 0.0012230127234961361, "ys_std_err": 0.0008852091799251801, "xs_std_ci": [0.06045870938477565, 0.06523422413811582], "ys_std_ci": [0.04338964183607815, 0.04687313223360913], "obs_phi": 