{"xs_std": 0.03492979746081737, "ys_std": 0.04354885261620717, "xs_std_err": 0.00041105214213721863, "ys_std_err": 0.0004968772667333681, "xs_std_ci": [0.034145412245338236, 0.03575460918424036], "ys_std_ci": [0.04258285228209343, 0.044524385278437564], "obs_phi": 