{"xs_std": 0.06300193030627786, "ys_std": 0.0809794879219334, "xs_std_err": 0.001113402683748707, "ys_std_err": 0.0014740565456030554, "xs_std_ci": [0.06097189351713083, 0.06529188570474326], "ys_std_ci": [0.07824174476820966, 0.08405046436731865], "obs_phi": 