{"xs_std": 0.06395771358162886, "ys_std": 0.03820022963542492, "xs_std_err": 0.0010102081235088634, "ys_std_err": 0.0005852382914705367, "xs_std_ci": [0.06202404104585488, 0.06599611926029011], "ys_std_ci": [0.037083774307119066, 0.039394204651910986], "obs_phi": 