{"xs_std": 0.15299106412327426, "ys_std": 0.10881077973896079, "xs_std_err": 0.0019738063159098823, "ys_std_err": 0.0013826069883831572, "xs_std_ci": [0.14916051455297658, 0.15691730772413823], "ys_std_ci": [0.1061241206932367, 0.11153265453351877], "obs_phi": 