{"xs_std": 0.29193786275218464, "ys_std": 0.2649036111618207, "xs_std_err": 0.003697273405807496, "ys_std_err": 0.003369629532108837, "xs_std_ci": [0.2847214046974626, 0.299193886186489], "ys_std_ci": [0.2583586306690233, 0.27154812296039893], "obs_phi": 