{"xs_std": 0.24513317274362761, "ys_std": 0.15274994841210252, "xs_std_err": 0.002386251386190412, "ys_std_err": 0.0014628537630957904, "xs_std_ci": [0.24046522878890367, 0.24978901263953174], "ys_std_ci": [0.14992729716561887, 0.15564089166216655], "obs_phi": 