{"xs_std": 0.13999116221195812, "ys_std": 0.12447062450181388, "xs_std_err": 0.0018120000204084722, "ys_std_err": 0.0016410033258990983, "xs_std_ci": [0.13644175206126097, 0.14355299195190424], "ys_std_ci": [0.12131252296206001, 0.1277521960543648], "obs_phi": 