{"xs_std": 0.054885931152275504, "ys_std": 0.06981173219785392, "xs_std_err": 0.0005891037067944727, "ys_std_err": 0.0007392422808930151, "xs_std_ci": [0.05371972134115865, 0.056041575986549755], "ys_std_ci": [0.0683779019847393, 0.07126351075114583], "obs_phi": 