{"xs_std": 0.34516162519587107, "ys_std": 0.23646449385323554, "xs_std_err": 0.004817279796926973, "ys_std_err": 0.0031058475159531362, "xs_std_ci": [0.33600371227600984, 0.35480926807555363], "ys_std_ci": [0.2303204782705446, 0.24253770307694708], "obs_phi": 