{"xs_std": 0.3266309497013408, "ys_std": 0.19726936954609267, "xs_std_err": 0.004133481153784733, "ys_std_err": 0.0024971164005323054, "xs_std_ci": [0.3184481363471416, 0.334572784962609], "ys_std_ci": [0.19240267140440334, 0.20217255540303664], "obs_phi": 