{"xs_std": 0.15821984873321443, "ys_std": 0.12387916091524796, "xs_std_err": 0.0023560511238387666, "ys_std_err": 0.001860711894452063, "xs_std_ci": [0.1537747229036445, 0.16294500626066863], "ys_std_ci": [0.12028470079279864, 0.12751809421032437], "obs_phi": 