{"xs_std": 0.20965843256647704, "ys_std": 0.1382139972265323, "xs_std_err": 0.0020442536498664916, "ys_std_err": 0.0013241689062840102, "xs_std_ci": [0.20576198381534444, 0.21362169138294176], "ys_std_ci": [0.13559930016100868, 0.1408184949509011], "obs_phi": 