{"xs_std": 0.27432792694656855, "ys_std": 0.06981366117284761, "xs_std_err": 0.002519158619294012, "ys_std_err": 0.0006569586807869078, "xs_std_ci": [0.2693399060652858, 0.2792493458684464], "ys_std_ci": [0.06854212792242328, 0.07111226344240551], "obs_phi": 