{"xs_std": 0.34180063071804273, "ys_std": 0.2626426561986739, "xs_std_err": 0.0046479205195043985, "ys_std_err": 0.0036930816300597405, "xs_std_ci": [0.3329800528110822, 0.35108918052847893], "ys_std_ci": [0.25550319483125417, 0.2699495981114456], "obs_phi": 