{"xs_std": 0.22257332164645563, "ys_std": 0.13016843667867461, "xs_std_err": 0.002357978349813908, "ys_std_err": 0.0012625887947876266, "xs_std_ci": [0.21791070879718652, 0.22721204382766733], "ys_std_ci": [0.12772114791402606, 0.13268518637212287], "obs_phi": 