{"xs_std": 0.06342937704019058, "ys_std": 0.038580832022610256, "xs_std_err": 0.0010278854473622747, "ys_std_err": 0.000539785673481254, "xs_std_ci": [0.06139040961451574, 0.06546638764739705], "ys_std_ci": [0.03753068021645491, 0.03966558949574112], "obs_phi": 