{"xs_std": 0.1646115220249152, "ys_std": 0.10632742524712264, "xs_std_err": 0.0022286465610815024, "ys_std_err": 0.001402832642848072, "xs_std_ci": [0.16027414162120815, 0.1689781476785004], "ys_std_ci": [0.10362708880556029, 0.10911419295285947], "obs_phi": 