{"xs_std": 0.33651812927314123, "ys_std": 0.19554159011303113, "xs_std_err": 0.004925479722011609, "ys_std_err": 0.002351391563500022, "xs_std_ci": [0.32706791119373024, 0.3462503189076126], "ys_std_ci": [0.1908686441033276, 0.20004919690739567], "obs_phi": 