{"xs_std": 0.0646600179347808, "ys_std": 0.037129919952669274, "xs_std_err": 0.0011092212013097485, "ys_std_err": 0.0005453010066825955, "xs_std_ci": [0.0625108616057413, 0.06682000155534935], "ys_std_ci": [0.0360718451185233, 0.038214152741588084], "obs_phi": 