{"xs_std": 0.16531795668807583, "ys_std": 0.12018633953779968, "xs_std_err": 0.00220168031031847, "ys_std_err": 0.001681045522149383, "xs_std_ci": [0.16106350870586245, 0.1695998506504288], "ys_std_ci": [0.11688315238216002, 0.12345476464489319], "obs_phi": 