{"xs_std": 0.32348546590462046, "ys_std": 0.24291948457614096, "xs_std_err": 0.004283803235332611, "ys_std_err": 0.0029692909912282907, "xs_std_ci": [0.31514138477592674, 0.3318251345393121], "ys_std_ci": [0.23716693178435572, 0.24877488503810474], "obs_phi": 