{"xs_std": 0.2859501024606177, "ys_std": 0.2832652882036591, "xs_std_err": 0.0038189579035426587, "ys_std_err": 0.0038077463470696927, "xs_std_ci": [0.2785668435584168, 0.29346295379667225], "ys_std_ci": [0.275776396220171, 0.29069704598585283], "obs_phi": 