{"xs_std": 0.3313536996356856, "ys_std": 0.2568895954822874, "xs_std_err": 0.004381205686937365, "ys_std_err": 0.0035723607928391946, "xs_std_ci": [0.32308662224081736, 0.34006352468264783], "ys_std_ci": [0.24998589714398778, 0.26395053344528546], "obs_phi": 