{"xs_std": 0.14494005043727126, "ys_std": 0.14488498096727176, "xs_std_err": 0.001884492117010278, "ys_std_err": 0.001873585500169507, "xs_std_ci": [0.14132781542611714, 0.14862699884264993], "ys_std_ci": [0.14128156996764832, 0.14864559742634226], "obs_phi": 