{"xs_std": 0.1609437927121249, "ys_std": 0.09557776687766267, "xs_std_err": 0.002120690204426314, "ys_std_err": 0.0013327558980829968, "xs_std_ci": [0.15679477947625414, 0.16517900529690133], "ys_std_ci": [0.09306478276799389, 0.09827944598238164], "obs_phi": 