{"xs_std": 0.05655112837303413, "ys_std": 0.05730292684645438, "xs_std_err": 0.0008668048205424723, "ys_std_err": 0.0008440927030115238, "xs_std_ci": [0.054840055644556095, 0.05827867814430937], "ys_std_ci": [0.05564512991293203, 0.05894119490479492], "obs_phi": 