{"xs_std": 0.14064311162305068, "ys_std": 0.13057303740787277, "xs_std_err": 0.0016780193727977844, "ys_std_err": 0.0015369127887283217, "xs_std_ci": [0.13734744026444026, 0.14393507288992297], "ys_std_ci": [0.12756284006602178, 0.13362171271606646], "obs_phi": 