{"xs_std": 0.3264508959785416, "ys_std": 0.2063806054033682, "xs_std_err": 0.0041921921810391, "ys_std_err": 0.0027574504562355106, "xs_std_ci": [0.31811633371375553, 0.33456727021901567], "ys_std_ci": [0.20103958380995726, 0.21191144930316846], "obs_phi": 