{"xs_std": 0.27732377924974616, "ys_std": 0.07836440495257416, "xs_std_err": 0.0027392480440698286, "ys_std_err": 0.0007556952382117057, "xs_std_ci": [0.2719047616867098, 0.2826539947717337], "ys_std_ci": [0.0768877915042773, 0.07985031666246556], "obs_phi": 