{"xs_std": 0.32653924573534676, "ys_std": 0.19498095271936358, "xs_std_err": 0.00434818751151063, "ys_std_err": 0.00250331972743043, "xs_std_ci": [0.31810816937460257, 0.33500838214966405], "ys_std_ci": [0.19010227672457167, 0.1999674246195969], "obs_phi": 