{"xs_std": 0.1513044351697201, "ys_std": 0.09263542113659887, "xs_std_err": 0.0022714103709856547, "ys_std_err": 0.0013107137262761592, "xs_std_ci": [0.14691923396060927, 0.15576797010667964], "ys_std_ci": [0.09012999135672568, 0.09529015780608055], "obs_phi": 