{"xs_std": 0.22626717747888847, "ys_std": 0.1310989648915426, "xs_std_err": 0.0022745251633569355, "ys_std_err": 0.0012931072277401123, "xs_std_ci": [0.22187315049088818, 0.2307522397648876], "ys_std_ci": [0.128585665500073, 0.13367552275699854], "obs_phi": 