{"xs_std": 0.21938025468486202, "ys_std": 0.16352990724182764, "xs_std_err": 0.0027072645724382357, "ys_std_err": 0.0021004542574438764, "xs_std_ci": [0.2142434119224907, 0.22471742246018986], "ys_std_ci": [0.15952946877662916, 0.16770529790244795], "obs_phi": 