{"xs_std": 0.09495404559952973, "ys_std": 0.117244632201023, "xs_std_err": 0.0013050995889477587, "ys_std_err": 0.0016217719166615725, "xs_std_ci": [0.0924648657683213, 0.09759384791380274], "ys_std_ci": [0.11414411483405755, 0.12049648359511518], "obs_phi": 