{"xs_std": 0.20612097843418498, "ys_std": 0.16397651863795143, "xs_std_err": 0.0023751836382183865, "ys_std_err": 0.0018670251111173573, "xs_std_ci": [0.20151806541430492, 0.2107363653478735], "ys_std_ci": [0.16040947151151858, 0.16767265469760753], "obs_phi": 