{"xs_std": 0.06945916135239516, "ys_std": 0.03959445887138202, "xs_std_err": 0.0018562755488164859, "ys_std_err": 0.0007772223333436071, "xs_std_ci": [0.0660052105159486, 0.07326500311476057], "ys_std_ci": [0.03814061875344924, 0.041161215394179114], "obs_phi": 