{"xs_std": 0.07658993917229952, "ys_std": 0.09722489463866278, "xs_std_err": 0.0008993845980494704, "ys_std_err": 0.0011229399170155495, "xs_std_ci": [0.07483941490390277, 0.07836218942450898], "ys_std_ci": [0.09505935261530356, 0.09944101379932997], "obs_phi": 