{"xs_std": 0.02173741534950873, "ys_std": 0.02173741534950873, "xs_std_err": 0.00022756488833254894, "ys_std_err": 0.00022485583385676932, "xs_std_ci": [0.021295240073577984, 0.02218888070328505], "ys_std_ci": [0.021295280933682145, 0.022172739476535468], "obs_phi": 