{"xs_std": 0.13970602395407852, "ys_std": 0.16844749221692176, "xs_std_err": 0.0013792755669082939, "ys_std_err": 0.0016646028420752967, "xs_std_ci": [0.13702750796104646, 0.1424228060294883], "ys_std_ci": [0.16510517532962574, 0.17170820352375468], "obs_phi": 