{"xs_std": 0.008988813925976918, "ys_std": 0.010283539958491007, "xs_std_err": 0.0001376382796585239, "ys_std_err": 0.00015487309246205505, "xs_std_ci": [0.00872452769594651, 0.009261089832781486], "ys_std_ci": [0.009985465803338279, 0.010585266133743205], "obs_phi": 