{"xs_std": 0.21915391093650646, "ys_std": 0.13063645308370692, "xs_std_err": 0.0021007367654373075, "ys_std_err": 0.0014367979505010503, "xs_std_ci": [0.21504514628084526, 0.22329214443339213], "ys_std_ci": [0.12782464230828694, 0.13351231150861428], "obs_phi": 