{"xs_std": 0.16191176148442668, "ys_std": 0.09361836385004371, "xs_std_err": 0.002113799763447086, "ys_std_err": 0.0011308562668009595, "xs_std_ci": [0.15779865018796665, 0.16613132792691476], "ys_std_ci": [0.09140608054402963, 0.09587598178601446], "obs_phi": 