{"xs_std": 0.27461471044905217, "ys_std": 0.12782123574141996, "xs_std_err": 0.0029137202487276434, "ys_std_err": 0.0013732720801411184, "xs_std_ci": [0.2689614994556344, 0.28044453613316467], "ys_std_ci": [0.12512564442118815, 0.1305170031981305], "obs_phi": 