{"xs_std": 0.22249992516782804, "ys_std": 0.13578681216247226, "xs_std_err": 0.0021708575964681145, "ys_std_err": 0.001355107910884513, "xs_std_ci": [0.21820213267089367, 0.22685012008751637], "ys_std_ci": [0.13312053159273052, 0.1384521829549188], "obs_phi": 