{"xs_std": 0.30157617362236677, "ys_std": 0.27987178450619443, "xs_std_err": 0.003742858193541219, "ys_std_err": 0.003481929590733959, "xs_std_ci": [0.2943461816359508, 0.3089219747910778], "ys_std_ci": [0.2730688375933194, 0.28673942781150075], "obs_phi": 