{"xs_std": 0.06059567453599986, "ys_std": 0.052620597988822355, "xs_std_err": 0.000995118919628905, "ys_std_err": 0.0008993265647937717, "xs_std_ci": [0.058652635310913186, 0.0625557772323872], "ys_std_ci": [0.05090918329865935, 0.054403695029154556], "obs_phi": 