{"xs_std": 0.06584005253176951, "ys_std": 0.04132091166463479, "xs_std_err": 0.0013180319937715914, "ys_std_err": 0.0007556790535529457, "xs_std_ci": [0.0633282758155311, 0.06847214220892431], "ys_std_ci": [0.039890034087755356, 0.04284221215271227], "obs_phi": 