{"xs_std": 0.3110076898030134, "ys_std": 0.19499749294426977, "xs_std_err": 0.004431484896834382, "ys_std_err": 0.002941753847274151, "xs_std_ci": [0.30235399504099003, 0.31966219295553483], "ys_std_ci": [0.1893533895396171, 0.20091948794042064], "obs_phi": 