{"xs_std": 0.19145388015964934, "ys_std": 0.09248636218331342, "xs_std_err": 0.0023065220851641623, "ys_std_err": 0.0011001238310850382, "xs_std_ci": [0.186931772521193, 0.1959584221468514], "ys_std_ci": [0.09035489060459885, 0.09467117692052003], "obs_phi": 