{"xs_std": 0.13742368720837467, "ys_std": 0.13695446293603034, "xs_std_err": 0.0018685099089543454, "ys_std_err": 0.0018793016008534682, "xs_std_ci": [0.13377496260161942, 0.14109023854617822], "ys_std_ci": [0.13329181074722926, 0.1407388294152849], "obs_phi": 