{"xs_std": 0.14965109679248065, "ys_std": 0.12240631382042848, "xs_std_err": 0.0019438453860168335, "ys_std_err": 0.0015794087680204261, "xs_std_ci": [0.1458591840208527, 0.15342080078634054], "ys_std_ci": [0.11934029851288866, 0.1254559344062692], "obs_phi": 