{"xs_std": 0.1576982251893457, "ys_std": 0.08974974950090306, "xs_std_err": 0.002253919300755561, "ys_std_err": 0.0012520202709836489, "xs_std_ci": [0.15328898164070828, 0.16215613176010032], "ys_std_ci": [0.0872814814998524, 0.09216026715100084], "obs_phi": 