{"xs_std": 0.0626939850137747, "ys_std": 0.05826785377591368, "xs_std_err": 0.0018861989989279553, "ys_std_err": 0.0017677807830820584, "xs_std_ci": [0.05914998172885162, 0.06655330235269145], "ys_std_ci": [0.0549119291238129, 0.06181985705827575], "obs_phi": 