{"xs_std": 0.12478490190095286, "ys_std": 0.15461706216666132, "xs_std_err": 0.001346433561592567, "ys_std_err": 0.001610044184324579, "xs_std_ci": [0.12216286263357103, 0.12739469655123153], "ys_std_ci": [0.15147290253075044, 0.15782980345709163], "obs_phi": 