{"xs_std": 0.1612347378985551, "ys_std": 0.12043999144106632, "xs_std_err": 0.0021584314390272214, "ys_std_err": 0.0014775367304442886, "xs_std_ci": [0.15706866366557465, 0.16541369913760992], "ys_std_ci": [0.1175297502146341, 0.12330152794681971], "obs_phi": 