{"xs_std": 0.1499573169888835, "ys_std": 0.11636815153686501, "xs_std_err": 0.0018477230436693551, "ys_std_err": 0.0014642598165016867, "xs_std_ci": [0.1463794722307317, 0.153590480037876], "ys_std_ci": [0.11358681296688274, 0.11929751759939618], "obs_phi": 