{"xs_std": 0.17358629051697713, "ys_std": 0.1294271556296051, "xs_std_err": 0.002072954851076723, "ys_std_err": 0.0015729072775681344, "xs_std_ci": [0.16953155492579022, 0.17767260135725738], "ys_std_ci": [0.1263006791253984, 0.13252570413602574], "obs_phi": 