{"xs_std": 0.15911942297911144, "ys_std": 0.11931911293669265, "xs_std_err": 0.002151484147488469, "ys_std_err": 0.0015130054040286885, "xs_std_ci": [0.15482275958589453, 0.1633464654258023], "ys_std_ci": [0.11635182115329326, 0.12229274295352086], "obs_phi": 