{"xs_std": 0.06836497125258374, "ys_std": 0.039226239091283206, "xs_std_err": 0.0012051639172129592, "ys_std_err": 0.0007495024577203624, "xs_std_ci": [0.06605902697680968, 0.07076310380301493], "ys_std_ci": [0.03781834518742984, 0.04077373877529447], "obs_phi": 