{"xs_std": 0.06209158075835945, "ys_std": 0.05560527503467808, "xs_std_err": 0.0009438243506715373, "ys_std_err": 0.0008446897769920443, "xs_std_ci": [0.06027338899004311, 0.06398623318012195], "ys_std_ci": [0.05401071111171975, 0.05732830163417579], "obs_phi": 