{"xs_std": 0.02966114561291647, "ys_std": 0.037677616741003395, "xs_std_err": 0.000734819490173341, "ys_std_err": 0.0008772479611381316, "xs_std_ci": [0.028338843086927395, 0.03119608659821317], "ys_std_ci": [0.03612221496182089, 0.039579261043496954], "obs_phi": 