{"xs_std": 0.0952740004651642, "ys_std": 0.11602960392007279, "xs_std_err": 0.0011056749304042587, "ys_std_err": 0.0013427460591493667, "xs_std_ci": [0.09311214703324712, 0.09744570464086029], "ys_std_ci": [0.11340482310139072, 0.11874634496534128], "obs_phi": 