{"xs_std": 0.0660247514024018, "ys_std": 0.059127709613973775, "xs_std_err": 0.0010467677632462198, "ys_std_err": 0.0009083035232820946, "xs_std_ci": [0.06395342747789169, 0.06808737122522485], "ys_std_ci": [0.0573904356042762, 0.06096692915496637], "obs_phi": 