{"xs_std": 0.3009352136259759, "ys_std": 0.23301684970682607, "xs_std_err": 0.003975408616673937, "ys_std_err": 0.0031446609723930555, "xs_std_ci": [0.29314265453127497, 0.3087620462732393], "ys_std_ci": [0.22701110685284406, 0.2393249612441759], "obs_phi": 