{"xs_std": 0.21393629239169906, "ys_std": 0.16337505676121633, "xs_std_err": 0.0023968406679795826, "ys_std_err": 0.0018214110994722674, "xs_std_ci": [0.20928404448440072, 0.2186951705205038], "ys_std_ci": [0.1597948841473977, 0.1669386218852388], "obs_phi": 