{"xs_std": 0.10303274357602706, "ys_std": 0.12338373801266571, "xs_std_err": 0.0013053170560996031, "ys_std_err": 0.0015525428065145343, "xs_std_ci": [0.10048315966926, 0.10562537819999653], "ys_std_ci": [0.12039025681982277, 0.12644906213531465], "obs_phi": 