{"xs_std": 0.23190600760584165, "ys_std": 0.134516578200972, "xs_std_err": 0.002415142626112983, "ys_std_err": 0.0013178512810835311, "xs_std_ci": [0.22711209458293283, 0.23663381231841274], "ys_std_ci": [0.13191885171288617, 0.13711166806812233], "obs_phi": 