{"xs_std": 0.05684346599033828, "ys_std": 0.055677068309056284, "xs_std_err": 0.000817361026859893, "ys_std_err": 0.0007848456980397769, "xs_std_ci": [0.05524941587605886, 0.05844450475275056], "ys_std_ci": [0.05416166263901059, 0.05723386517284467], "obs_phi": 