{"xs_std": 0.07570987372476964, "ys_std": 0.09681180493801647, "xs_std_err": 0.0008973337528330392, "ys_std_err": 0.0010867193572816922, "xs_std_ci": [0.07395405957282168, 0.07748021950252074], "ys_std_ci": [0.09463174538570028, 0.09891925994518232], "obs_phi": 