{"xs_std": 0.29965144160602447, "ys_std": 0.21114337147128334, "xs_std_err": 0.005267468126982299, "ys_std_err": 0.003607469706582531, "xs_std_ci": [0.2895798033962506, 0.3104489878058061], "ys_std_ci": [0.2042465531897209, 0.21836719797176288], "obs_phi": 