{"xs_std": 0.06163219459921591, "ys_std": 0.05936831568338445, "xs_std_err": 0.0009031126261527149, "ys_std_err": 0.0008737256966479031, "xs_std_ci": [0.059855448180014856, 0.06335892009065765], "ys_std_ci": [0.05762720735295735, 0.061061835832530165], "obs_phi": 