{"xs_std": 0.19361828907069928, "ys_std": 0.0879963819303737, "xs_std_err": 0.0023347464323980986, "ys_std_err": 0.0010244702942141613, "xs_std_ci": [0.18900024550539835, 0.1982123400936469], "ys_std_ci": [0.08598952237097762, 0.09003576332231765], "obs_phi": 