{"xs_std": 0.3322451898480709, "ys_std": 0.23930621803087593, "xs_std_err": 0.0043173738610989484, "ys_std_err": 0.0030137214202741983, "xs_std_ci": [0.32380370438857037, 0.34071063807508933], "ys_std_ci": [0.23346500219201882, 0.24526730333162305], "obs_phi": 