{"xs_std": 0.33232669838079404, "ys_std": 0.20277963743042116, "xs_std_err": 0.00438189099909289, "ys_std_err": 0.0025196782432475792, "xs_std_ci": [0.3236854683755756, 0.34094237458008964], "ys_std_ci": [0.19788469555481578, 0.20781032144560474], "obs_phi": 