{"xs_std": 0.20048512239637356, "ys_std": 0.19515222868290263, "xs_std_err": 0.001952966000400347, "ys_std_err": 0.0018325402122634548, "xs_std_ci": [0.19670870136720053, 0.2043466712271317], "ys_std_ci": [0.19148433855570193, 0.19869791772571524], "obs_phi": 