{"xs_std": 0.13598650755517203, "ys_std": 0.13414422446093532, "xs_std_err": 0.0018186511705383511, "ys_std_err": 0.0018029572565762219, "xs_std_ci": [0.13247094580954588, 0.1396226846524402], "ys_std_ci": [0.1307317497801769, 0.13767586047509295], "obs_phi": 