{"xs_std": 0.21214780166872454, "ys_std": 0.15600511006325962, "xs_std_err": 0.0024331422076179408, "ys_std_err": 0.0019373249054428633, "xs_std_ci": [0.20734589028684924, 0.21693863597787916], "ys_std_ci": [0.15222027964248389, 0.15984177103680158], "obs_phi": 