{"xs_std": 0.1349972959622627, "ys_std": 0.16536739189882982, "xs_std_err": 0.0013693863519946502, "ys_std_err": 0.0017455912356705919, "xs_std_ci": [0.1323469450675321, 0.13767922110408917], "ys_std_ci": [0.1619622019024243, 0.16879934440824587], "obs_phi": 