{"xs_std": 0.1528429061112867, "ys_std": 0.11095741241759983, "xs_std_err": 0.0017502862724360958, "ys_std_err": 0.001573010391178487, "xs_std_ci": [0.1494064406635182, 0.15626850633261052], "ys_std_ci": [0.10791783321262838, 0.11404753899704705], "obs_phi": 