{"xs_std": 0.1578582390300876, "ys_std": 0.09249837567831277, "xs_std_err": 0.0020840962737452996, "ys_std_err": 0.0012124996515955725, "xs_std_ci": [0.15385903446642613, 0.1620378370755017], "ys_std_ci": [0.09015126652286157, 0.09491561880181647], "obs_phi": 