{"xs_std": 0.0681363530962113, "ys_std": 0.05381291404535988, "xs_std_err": 0.0011934632404534407, "ys_std_err": 0.0009023162545371738, "xs_std_ci": [0.06583338882590854, 0.07051006669915998], "ys_std_ci": [0.05209529824705369, 0.055607502990135574], "obs_phi": 