{"xs_std": 0.1373874787545151, "ys_std": 0.16575585622798908, "xs_std_err": 0.001313445211461045, "ys_std_err": 0.0015636615305864132, "xs_std_ci": [0.13480691707103137, 0.139990501911835], "ys_std_ci": [0.16273139948467732, 0.16889688458170743], "obs_phi": 