{"xs_std": 0.21507700837351332, "ys_std": 0.16911912813185728, "xs_std_err": 0.002161872334928155, "ys_std_err": 0.001697998072256728, "xs_std_ci": [0.21078797174179448, 0.21923470467163117], "ys_std_ci": [0.16581948222424317, 0.1724499766142525], "obs_phi": 