{"xs_std": 0.33133767093533034, "ys_std": 0.2327363954967944, "xs_std_err": 0.004278236082124695, "ys_std_err": 0.0028933843443264486, "xs_std_ci": [0.32297104952501376, 0.33970730901552604], "ys_std_ci": [0.22694517926352778, 0.23844563440393182], "obs_phi": 