{"xs_std": 0.16611740341687686, "ys_std": 0.18343114274979735, "xs_std_err": 0.00180179938843638, "ys_std_err": 0.0019370847245943853, "xs_std_ci": [0.16256370373180198, 0.16965480238790231], "ys_std_ci": [0.1796806837542852, 0.1872288660073019], "obs_phi": 