{"xs_std": 0.15791800371349576, "ys_std": 0.11584721291626757, "xs_std_err": 0.0023588367855903983, "ys_std_err": 0.0016576477916363794, "xs_std_ci": [0.15326171869357547, 0.16262139395058467], "ys_std_ci": [0.11270944283506931, 0.11919442454925294], "obs_phi": 