{"xs_std": 0.3447664276247955, "ys_std": 0.2257703926601769, "xs_std_err": 0.004468084230498754, "ys_std_err": 0.0028484233136046263, "xs_std_ci": [0.33606478487327224, 0.35350318596017627], "ys_std_ci": [0.22001771704516027, 0.23137002578133226], "obs_phi": 