{"xs_std": 0.03854486227985791, "ys_std": 0.04931384929804385, "xs_std_err": 0.0004678223248468674, "ys_std_err": 0.0005868867061828125, "xs_std_ci": [0.03764755220289469, 0.039450674954792556], "ys_std_ci": [0.04816681566504603, 0.05048057831990725], "obs_phi": 