{"xs_std": 0.32871440997391893, "ys_std": 0.21255157247400022, "xs_std_err": 0.004267644623565868, "ys_std_err": 0.0025620435705717174, "xs_std_ci": [0.3203828571750514, 0.33723999076601935], "ys_std_ci": [0.20764577812862037, 0.21766454405974484], "obs_phi": 