{"xs_std": 0.14831334712605942, "ys_std": 0.1116872959230994, "xs_std_err": 0.0020550232020148575, "ys_std_err": 0.0015573219647566667, "xs_std_ci": [0.14432873659152748, 0.15236602607330088], "ys_std_ci": [0.1086210002971608, 0.11470565393852224], "obs_phi": 