{"xs_std": 0.2814944194686593, "ys_std": 0.2810683423024738, "xs_std_err": 0.0032710049556971023, "ys_std_err": 0.0032881514848712616, "xs_std_ci": [0.2751849383513465, 0.2878920370630298], "ys_std_ci": [0.2746464128473575, 0.2876162699443309], "obs_phi": 