{"xs_std": 0.15083634523252998, "ys_std": 0.0979231529671398, "xs_std_err": 0.0019850295139945844, "ys_std_err": 0.0012962054783415594, "xs_std_ci": [0.1470645362336532, 0.1548194108001017], "ys_std_ci": [0.09536143491968188, 0.1004794574684244], "obs_phi": 