{"xs_std": 0.22410857761010325, "ys_std": 0.1322894361234952, "xs_std_err": 0.002178394050613618, "ys_std_err": 0.0013216469117774059, "xs_std_ci": [0.22001796982338603, 0.22841437658091257], "ys_std_ci": [0.12971469406969977, 0.13487099879863026], "obs_phi": 