{"xs_std": 0.006733267958114666, "ys_std": 0.006824085534419783, "xs_std_err": 0.0001111937688953665, "ys_std_err": 0.0001107778664419619, "xs_std_ci": [0.006524154282261096, 0.006954932181104345], "ys_std_ci": [0.006607386992242074, 0.007045939632946734], "obs_phi": 