{"xs_std": 0.1366682966473598, "ys_std": 0.12715217150910318, "xs_std_err": 0.001726687561847977, "ys_std_err": 0.0016076603682694665, "xs_std_ci": [0.13331160190919436, 0.14006028828975414], "ys_std_ci": [0.12401326616314055, 0.13036984827681855], "obs_phi": 