{"xs_std": 0.30899289014066805, "ys_std": 0.241679248568394, "xs_std_err": 0.004904831091739157, "ys_std_err": 0.0038704022783594993, "xs_std_ci": [0.2995887138192083, 0.31867147438966803], "ys_std_ci": [0.23416257209197222, 0.2493788882909776], "obs_phi": 