{"xs_std": 0.06556547561683158, "ys_std": 0.040881413658908614, "xs_std_err": 0.001031927275185896, "ys_std_err": 0.0006280373013387452, "xs_std_ci": [0.06358361087702831, 0.06764591566706737], "ys_std_ci": [0.03965788882978188, 0.042095681956457645], "obs_phi": 