{"xs_std": 0.06264504412205453, "ys_std": 0.0624317643936321, "xs_std_err": 0.0014832522041599635, "ys_std_err": 0.0014743584117045893, "xs_std_ci": [0.05985436528144808, 0.06571708214200213], "ys_std_ci": [0.05967292131244045, 0.06547217064077111], "obs_phi": 