{"xs_std": 0.2902434840691996, "ys_std": 0.25014109174989435, "xs_std_err": 0.004580069684938229, "ys_std_err": 0.004078466080509174, "xs_std_ci": [0.28167855505240064, 0.2994938338821198], "ys_std_ci": [0.24262512413732945, 0.2584240788422551], "obs_phi": 