{"xs_std": 0.1550483134150854, "ys_std": 0.1088057514140993, "xs_std_err": 0.001985187866071052, "ys_std_err": 0.0014285000036486136, "xs_std_ci": [0.15111650416408734, 0.15893967172695034], "ys_std_ci": [0.10598625691881222, 0.11158684388013812], "obs_phi": 