{"xs_std": 0.2760300449029898, "ys_std": 0.10690585479049176, "xs_std_err": 0.0028902589414623236, "ys_std_err": 0.0011097736946083414, "xs_std_ci": [0.270478047274148, 0.28168638667956847], "ys_std_ci": [0.10471124856662826, 0.109055808237757], "obs_phi": 