{"xs_std": 0.30996821422852916, "ys_std": 0.18773519357015075, "xs_std_err": 0.004083031723125389, "ys_std_err": 0.0025347617592220337, "xs_std_ci": [0.30206829726220047, 0.317936411870099], "ys_std_ci": [0.18288090079802893, 0.1928505041564806], "obs_phi": 