{"xs_std": 0.3288240594720897, "ys_std": 0.21815150256766438, "xs_std_err": 0.004065777697954718, "ys_std_err": 0.0030299919888858375, "xs_std_ci": [0.32082514468430345, 0.33680776360322034], "ys_std_ci": [0.2122986992252435, 0.2241095950966286], "obs_phi": 