{"xs_std": 0.15265459295328837, "ys_std": 0.13672598909627348, "xs_std_err": 0.0020367204875699806, "ys_std_err": 0.001853526603143521, "xs_std_ci": [0.14866689426439225, 0.15667741376294445], "ys_std_ci": [0.13313760968633573, 0.14037339477192706], "obs_phi": 