{"xs_std": 0.19909418021790345, "ys_std": 0.19023871541570844, "xs_std_err": 0.002011417161534409, "ys_std_err": 0.0019164553014435692, "xs_std_ci": [0.19509980033905774, 0.2029658746519855], "ys_std_ci": [0.18654612385371613, 0.19399638449579432], "obs_phi": 