{"xs_std": 0.179162009929514, "ys_std": 0.19702931115291591, "xs_std_err": 0.0024602308109531908, "ys_std_err": 0.0024895446271861335, "xs_std_ci": [0.17451636225912825, 0.1841184926265591], "ys_std_ci": [0.19246574879190212, 0.2021738571555978], "obs_phi": 