{"xs_std": 0.2730276486993433, "ys_std": 0.2730276486993434, "xs_std_err": 0.0038501276651705554, "ys_std_err": 0.003789661364301625, "xs_std_ci": [0.26554137472143924, 0.28061312951239004], "ys_std_ci": [0.2656870861928673, 0.2803645962166203], "obs_phi": 