{"xs_std": 0.039778311760853446, "ys_std": 0.048302893972984026, "xs_std_err": 0.0006626326336710144, "ys_std_err": 0.0007480136823008858, "xs_std_ci": [0.03849425448755505, 0.04107783921961029], "ys_std_ci": [0.046891893272103746, 0.04978744847042039], "obs_phi": 