{"xs_std": 0.20581333723946518, "ys_std": 0.18284330767525148, "xs_std_err": 0.002210115967348611, "ys_std_err": 0.0019545958255289425, "xs_std_ci": [0.2015312487929014, 0.21019913839390422], "ys_std_ci": [0.17905582762476058, 0.1867104540969006], "obs_phi": 