{"xs_std": 0.2680501728894169, "ys_std": 0.15584144223402552, "xs_std_err": 0.0027756891874522673, "ys_std_err": 0.001614656030157893, "xs_std_ci": [0.26264704819230555, 0.27353914901560256], "ys_std_ci": [0.15270529635867963, 0.15896486328431622], "obs_phi": 