{"xs_std": 0.059386244931143764, "ys_std": 0.05873992158842882, "xs_std_err": 0.000923424202819984, "ys_std_err": 0.0008521154397798393, "xs_std_ci": [0.057577556122955335, 0.061209957378734574], "ys_std_ci": [0.057083726063904376, 0.060402093338608284], "obs_phi": 