{"xs_std": 0.07823858686759348, "ys_std": 0.0363158710010759, "xs_std_err": 0.0012001578902336263, "ys_std_err": 0.0005357224965653467, "xs_std_ci": [0.07585226423054875, 0.08057863367935085], "ys_std_ci": [0.03527727940948165, 0.0373809870201649], "obs_phi": 