{"xs_std": 0.3261009699163553, "ys_std": 0.19114534345636047, "xs_std_err": 0.004412882904960681, "ys_std_err": 0.002510455526665087, "xs_std_ci": [0.31740804317582705, 0.33479101144397905], "ys_std_ci": [0.18625337403868247, 0.1960669518911828], "obs_phi": 