{"xs_std": 0.14419315838874466, "ys_std": 0.1365941755492283, "xs_std_err": 0.0019271403839028899, "ys_std_err": 0.0018224399504695446, "xs_std_ci": [0.14045677752810923, 0.1480341548257701], "ys_std_ci": [0.13308370089586916, 0.14017251043273354], "obs_phi": 