{"xs_std": 0.16560552550821314, "ys_std": 0.09391912005089091, "xs_std_err": 0.0022982656662384987, "ys_std_err": 0.0012487572836513373, "xs_std_ci": [0.16116174116944978, 0.1701764893452867], "ys_std_ci": [0.09142324705536126, 0.09636082580845973], "obs_phi": 