{"xs_std": 0.19287015217309403, "ys_std": 0.1792695978471909, "xs_std_err": 0.0017692338192870215, "ys_std_err": 0.0016516542740672858, "xs_std_ci": [0.189326118565897, 0.19627605537209944], "ys_std_ci": [0.17603412649154943, 0.18251984880135275], "obs_phi": 