{"xs_std": 0.3303507311419926, "ys_std": 0.19350160638591446, "xs_std_err": 0.004775102697814364, "ys_std_err": 0.0027774122666819967, "xs_std_ci": [0.32116391928763893, 0.3399408959180784], "ys_std_ci": [0.18821862448644955, 0.19910801739841455], "obs_phi": 