{"xs_std": 0.29770060633307605, "ys_std": 0.2731876465372954, "xs_std_err": 0.0035553619555071334, "ys_std_err": 0.00332690653034211, "xs_std_ci": [0.29068406491862153, 0.30469380623624476], "ys_std_ci": [0.2667245236294664, 0.2797032806994951], "obs_phi": 