{"xs_std": 0.31023338572925296, "ys_std": 0.19866280601788566, "xs_std_err": 0.005013854233040238, "ys_std_err": 0.003333118895895443, "xs_std_ci": [0.30074697729788835, 0.32033932298449996], "ys_std_ci": [0.19238692202376342, 0.2054184619762461], "obs_phi": 