{"xs_std": 0.14495745677903907, "ys_std": 0.13854708958394826, "xs_std_err": 0.00203715111735523, "ys_std_err": 0.0019700221616649146, "xs_std_ci": [0.14103400831738844, 0.14903544074533703], "ys_std_ci": [0.13475024644157113, 0.14242818510698216], "obs_phi": 