{"xs_std": 0.12257172412576262, "ys_std": 0.13351086392248568, "xs_std_err": 0.0014513023735730584, "ys_std_err": 0.0015339306318579232, "xs_std_ci": [0.119766116387061, 0.12539517197343492], "ys_std_ci": [0.13051653784159917, 0.13657110684433663], "obs_phi": 