{"xs_std": 0.3394793593136122, "ys_std": 0.24649147510729594, "xs_std_err": 0.004813185186111717, "ys_std_err": 0.003115032387136917, "xs_std_ci": [0.33029264380744744, 0.3490940518220429], "ys_std_ci": [0.24035919549702361, 0.2526448830553342], "obs_phi": 