{"xs_std": 0.07970998043261263, "ys_std": 0.02428198810506028, "xs_std_err": 0.0014026278028819819, "ys_std_err": 0.0003987788236599419, "xs_std_ci": [0.0770435295717795, 0.08255158167868998], "ys_std_ci": [0.023526401374928733, 0.025095401357612093], "obs_phi": 