{"xs_std": 0.1442130239218564, "ys_std": 0.1433430126877745, "xs_std_err": 0.001835128920422153, "ys_std_err": 0.001824532493774838, "xs_std_ci": [0.14068386670258015, 0.14792217339878677], "ys_std_ci": [0.13977675393311595, 0.14696567824484638], "obs_phi": 