{"xs_std": 0.0625992743714064, "ys_std": 0.0585605477733285, "xs_std_err": 0.0010963463658438361, "ys_std_err": 0.0009809698488355016, "xs_std_ci": [0.06051152887719368, 0.06481389717698906], "ys_std_ci": [0.056680489602459444, 0.06047075413271784], "obs_phi": 