{"xs_std": 0.32825213462823544, "ys_std": 0.19090087650682258, "xs_std_err": 0.004621587195965354, "ys_std_err": 0.002506209827256341, "xs_std_ci": [0.31920384503514243, 0.33715714101075916], "ys_std_ci": [0.1861492020631242, 0.19593192915367533], "obs_phi": 