{"xs_std": 0.022269792043340998, "ys_std": 0.028918071366606388, "xs_std_err": 0.0003424639880385976, "ys_std_err": 0.0004523545489847007, "xs_std_ci": [0.02160155677075268, 0.022943302048377294], "ys_std_ci": [0.028053592521144668, 0.0298266269632971], "obs_phi": 