{"xs_std": 0.33220607397976065, "ys_std": 0.2196558940848419, "xs_std_err": 0.004446662909801984, "ys_std_err": 0.0028912252447896134, "xs_std_ci": [0.3233764746073158, 0.34090674768771284], "ys_std_ci": [0.21394875072814487, 0.22533619345673048], "obs_phi": 