{"xs_std": 0.1523443735161149, "ys_std": 0.09136222044087627, "xs_std_err": 0.0019029154201308514, "ys_std_err": 0.0012239610742977242, "xs_std_ci": [0.14867460703829702, 0.15612005839180135], "ys_std_ci": [0.08898158906634974, 0.09379233270748222], "obs_phi": 