{"xs_std": 0.2613000693906769, "ys_std": 0.13420986216492573, "xs_std_err": 0.0026705324296661917, "ys_std_err": 0.0013872036061100411, "xs_std_ci": [0.25619484281714644, 0.2666120737412495], "ys_std_ci": [0.13146316956077503, 0.13691402539088482], "obs_phi": 