{"xs_std": 0.06270965344649389, "ys_std": 0.06261569049653151, "xs_std_err": 0.001106757768929149, "ys_std_err": 0.0011027045196751494, "xs_std_ci": [0.06055728166733408, 0.06489588724347571], "ys_std_ci": [0.060453175517479335, 0.06482567238421198], "obs_phi": 