{"xs_std": 0.06388601539005817, "ys_std": 0.03676081255376021, "xs_std_err": 0.0010771150875813003, "ys_std_err": 0.0006156444607257512, "xs_std_ci": [0.061764007257575936, 0.0659990480360022], "ys_std_ci": [0.035574505251759626, 0.0379815945284971], "obs_phi": 