{"xs_std": 0.06958285017626102, "ys_std": 0.04161402050758676, "xs_std_err": 0.0013907773893873398, "ys_std_err": 0.000870349704611572, "xs_std_ci": [0.06689050867376554, 0.07232429199234977], "ys_std_ci": [0.03996940729402197, 0.04339543425354609], "obs_phi": 