{"xs_std": 0.16427069692518106, "ys_std": 0.11031096912212805, "xs_std_err": 0.0027231735288926855, "ys_std_err": 0.0013767413558988684, "xs_std_ci": [0.15914936202183502, 0.1698264327330615], "ys_std_ci": [0.107619576926577, 0.11301194693841847], "obs_phi": 