{"xs_std": 0.19941638760345973, "ys_std": 0.005788374724368494, "xs_std_err": 0.002459041622245129, "ys_std_err": 7.488815450090533e-05, "xs_std_ci": [0.1945774507005609, 0.20423714035839788], "ys_std_ci": [0.005642516647770756, 0.005936328603681339], "obs_phi": 