{"xs_std": 0.16359454903262716, "ys_std": 0.13568129670623857, "xs_std_err": 0.0019771384230538812, "ys_std_err": 0.0016930815176509073, "xs_std_ci": [0.15972023732927731, 0.1674407192716299], "ys_std_ci": [0.13242132190174252, 0.13901644395544502], "obs_phi": 