{"xs_std": 0.06942183523325075, "ys_std": 0.03876500185416973, "xs_std_err": 0.001780430231969725, "ys_std_err": 0.0008463560098318676, "xs_std_ci": [0.06599751105178486, 0.0729255347825184], "ys_std_ci": [0.037170324403359496, 0.04048364972228982], "obs_phi": 