{"xs_std": 0.06542439980439405, "ys_std": 0.03854929498819063, "xs_std_err": 0.0010158205642526274, "ys_std_err": 0.0005608770056614955, "xs_std_ci": [0.06344053228422103, 0.06744844185540912], "ys_std_ci": [0.03749428656974452, 0.03967872434751349], "obs_phi": 