{"xs_std": 0.06345578305955271, "ys_std": 0.054298829805029085, "xs_std_err": 0.0014255677504293322, "ys_std_err": 0.0012795207070113814, "xs_std_ci": [0.060725030548151836, 0.06633614038631645], "ys_std_ci": [0.051932884873456125, 0.05701238412693041], "obs_phi": 