{"xs_std": 0.1511530130224677, "ys_std": 0.17719347051588494, "xs_std_err": 0.0014639682154567741, "ys_std_err": 0.001648907266832542, "xs_std_ci": [0.14828503753142525, 0.15400265905927565], "ys_std_ci": [0.17397272283802034, 0.180383022308486], "obs_phi": 