{"xs_std": 0.07834089534620156, "ys_std": 0.0975733129903585, "xs_std_err": 0.0009519267448907056, "ys_std_err": 0.0011432723902558286, "xs_std_ci": [0.07648063337052154, 0.08023775391788673], "ys_std_ci": [0.09536244431644192, 0.0998138151618359], "obs_phi": 