{"xs_std": 0.19550423779520446, "ys_std": 0.08534340868350139, "xs_std_err": 0.002813457632249446, "ys_std_err": 0.0012351089546676975, "xs_std_ci": [0.19001124288190627, 0.20106043644035695], "ys_std_ci": [0.08294541846996842, 0.08786920344206578], "obs_phi": 