{"xs_std": 0.047886313030671875, "ys_std": 0.05597674638822547, "xs_std_err": 0.0007156303663279798, "ys_std_err": 0.0008007708088516429, "xs_std_ci": [0.04651295492909353, 0.04928971795255887], "ys_std_ci": [0.054420401848244246, 0.057544451312768384], "obs_phi": 