{"xs_std": 0.20676610998553777, "ys_std": 0.17423320510251047, "xs_std_err": 0.002975215008688494, "ys_std_err": 0.0024673182646136288, "xs_std_ci": [0.2011004285293745, 0.21266603057842468], "ys_std_ci": [0.1696181047912607, 0.17928682208943267], "obs_phi": 