{"xs_std": 0.03269887365807556, "ys_std": 0.040036352964224406, "xs_std_err": 0.00043175924931089163, "ys_std_err": 0.0005131309445274433, "xs_std_ci": [0.03187191137157147, 0.03356154403965465], "ys_std_ci": [0.03904824485051568, 0.041054361886232286], "obs_phi": 