{"xs_std": 0.04772456408895616, "ys_std": 0.061786343062788705, "xs_std_err": 0.0005926781577927781, "ys_std_err": 0.0007433489022254869, "xs_std_ci": [0.04657189689233099, 0.04889822182015473], "ys_std_ci": [0.06034013763517698, 0.06324370896732123], "obs_phi": 