{"xs_std": 0.32117006750159177, "ys_std": 0.19946332957451154, "xs_std_err": 0.003942581242741923, "ys_std_err": 0.0024549771167557233, "xs_std_ci": [0.31350905892230374, 0.3288667524196901], "ys_std_ci": [0.19472203769211305, 0.20431668548212573], "obs_phi": 