{"xs_std": 0.23160809492441667, "ys_std": 0.13721049941809427, "xs_std_err": 0.0024300132967389155, "ys_std_err": 0.0015365125074899332, "xs_std_ci": [0.22686559738065531, 0.23635253026144393], "ys_std_ci": [0.13420744134739404, 0.14021622353538948], "obs_phi": 