{"xs_std": 0.006234068570710544, "ys_std": 0.006234068570710544, "xs_std_err": 8.195104616272835e-05, "ys_std_err": 8.175891209517696e-05, "xs_std_ci": [0.006072432512437507, 0.006394024594245896], "ys_std_ci": [0.0060760600052539105, 0.006393484958651869], "obs_phi": 