{"xs_std": 0.06139555628049257, "ys_std": 0.0781733594408, "xs_std_err": 0.0007263047048636954, "ys_std_err": 0.0008933134722131391, "xs_std_ci": [0.05996607440844695, 0.06284033589633738], "ys_std_ci": [0.07641768202742429, 0.079897163970116], "obs_phi": 