{"xs_std": 0.14050780689120135, "ys_std": 0.13919123485173862, "xs_std_err": 0.0018171979143274816, "ys_std_err": 0.001804170924778287, "xs_std_ci": [0.13705965642391782, 0.1441546839911112], "ys_std_ci": [0.13571631079856444, 0.1426663759391012], "obs_phi": 