{"xs_std": 0.06869822591739881, "ys_std": 0.04225031236715006, "xs_std_err": 0.001536430140857689, "ys_std_err": 0.0007413935566379831, "xs_std_ci": [0.06579536083227697, 0.07179797596075659], "ys_std_ci": [0.04079989116919167, 0.043700685977065466], "obs_phi": 