{"xs_std": 0.30384534322132906, "ys_std": 0.26829606563935615, "xs_std_err": 0.003782268327400034, "ys_std_err": 0.0033057587235405107, "xs_std_ci": [0.29658099877319244, 0.3113382652948276], "ys_std_ci": [0.2617672436696733, 0.2746569413934363], "obs_phi": 