{"xs_std": 0.021199015306013272, "ys_std": 0.0273983680456338, "xs_std_err": 0.00041513111398830594, "ys_std_err": 0.0004979975172037168, "xs_std_ci": [0.020402571372431875, 0.02202501471566147], "ys_std_ci": [0.026462681987968587, 0.028421722204906963], "obs_phi": 