{"xs_std": 0.027244996127258274, "ys_std": 0.035388084727416995, "xs_std_err": 0.0004631281280269878, "ys_std_err": 0.0005830680720323482, "xs_std_ci": [0.026346706228507717, 0.02815542976189906], "ys_std_ci": [0.03425775689522628, 0.03655518191870954], "obs_phi": 