{"xs_std": 0.03556650168547232, "ys_std": 0.04399170622853543, "xs_std_err": 0.000525087073128556, "ys_std_err": 0.0007149387497373753, "xs_std_ci": [0.03453718141643444, 0.03660731330256211], "ys_std_ci": [0.04260989392332014, 0.04542545096916766], "obs_phi": 