{"xs_std": 0.013766048531671186, "ys_std": 0.017109359333494098, "xs_std_err": 0.0003402014487422717, "ys_std_err": 0.0003815466882061148, "xs_std_ci": [0.013136418380888797, 0.014456888708142589], "ys_std_ci": [0.016405235513274996, 0.017909149906854695], "obs_phi": 