{"xs_std": 0.1513589043032072, "ys_std": 0.1485904581524354, "xs_std_err": 0.002259431861206655, "ys_std_err": 0.0022348823423491205, "xs_std_ci": [0.14695748965588826, 0.15577767587749755], "ys_std_ci": [0.14425305808511352, 0.1530556385593296], "obs_phi": 