{"xs_std": 0.06473132288881046, "ys_std": 0.03756115681148823, "xs_std_err": 0.0010654868790396209, "ys_std_err": 0.0005952265134459651, "xs_std_ci": [0.06266848472904717, 0.06680646774253109], "ys_std_ci": [0.0364019414333554, 0.03873071610576705], "obs_phi": 