{"xs_std": 0.13248008307762685, "ys_std": 0.1426421785442881, "xs_std_err": 0.001593578853050975, "ys_std_err": 0.0017143460600177176, "xs_std_ci": [0.12940810691899057, 0.13562893398393214], "ys_std_ci": [0.13932697095029256, 0.14606835527338574], "obs_phi": 