{"xs_std": 0.15856708508712958, "ys_std": 0.09496078020236769, "xs_std_err": 0.0019763851780371087, "ys_std_err": 0.0013774483413482007, "xs_std_ci": [0.1546880970517205, 0.1625227508205857], "ys_std_ci": [0.09234420437628997, 0.09771873709689853], "obs_phi": 