{"xs_std": 0.15706579918399888, "ys_std": 0.09364526858499073, "xs_std_err": 0.002127835937486041, "ys_std_err": 0.001427451661077834, "xs_std_ci": [0.15284541704554772, 0.16119609540961774], "ys_std_ci": [0.09096429179182519, 0.09643629550809879], "obs_phi": 