{"xs_std": 0.07475503312471658, "ys_std": 0.052733599672767105, "xs_std_err": 0.0011613311373430799, "ys_std_err": 0.0007788537221419026, "xs_std_ci": [0.07250045738692483, 0.07703704975266445], "ys_std_ci": [0.051225815534648104, 0.05425412220370322], "obs_phi": 