{"xs_std": 0.20124340428133, "ys_std": 0.20124340428133003, "xs_std_err": 0.002028683695299508, "ys_std_err": 0.0020271595895151964, "xs_std_ci": [0.19728857974153907, 0.20522092577477408], "ys_std_ci": [0.19732414231553957, 0.2052703669694547], "obs_phi": 