{"xs_std": 0.15964813324813218, "ys_std": 0.0980176127794044, "xs_std_err": 0.0019510321571451594, "ys_std_err": 0.0011989454779089376, "xs_std_ci": [0.155889379695541, 0.16347172734393425], "ys_std_ci": [0.09570628059727583, 0.10037179908232433], "obs_phi": 