{"xs_std": 0.06267215768554382, "ys_std": 0.08087202664160291, "xs_std_err": 0.00067824016779393, "ys_std_err": 0.0008675086024519884, "xs_std_ci": [0.06133996545227774, 0.0640130889653433], "ys_std_ci": [0.07919176026963565, 0.0825857070732457], "obs_phi": 