{"xs_std": 0.3202024808341442, "ys_std": 0.18926902403921023, "xs_std_err": 0.004268021858015954, "ys_std_err": 0.0025249775140016276, "xs_std_ci": [0.3120297362578343, 0.32862897498041665], "ys_std_ci": [0.18431907860890556, 0.1942418320167621], "obs_phi": 