{"xs_std": 0.021967136004998826, "ys_std": 0.02228305791665411, "xs_std_err": 0.00021733810390449753, "ys_std_err": 0.0002204478022505172, "xs_std_ci": [0.021541888093665182, 0.022393382221692876], "ys_std_ci": [0.021857636737464728, 0.022717824824825365], "obs_phi": 