{"xs_std": 0.07004814793072717, "ys_std": 0.04196477017328497, "xs_std_err": 0.0013909993938207446, "ys_std_err": 0.001149069885041479, "xs_std_ci": [0.06734751937041406, 0.07284298732719545], "ys_std_ci": [0.039817433727118004, 0.04433613788413045], "obs_phi": 