{"xs_std": 0.06443749259939285, "ys_std": 0.04893715273004426, "xs_std_err": 0.0012140600780723718, "ys_std_err": 0.0009218289364031164, "xs_std_ci": [0.06210183862563847, 0.06683838822818582], "ys_std_ci": [0.04719769964290006, 0.050791269513319734], "obs_phi": 