{"xs_std": 0.05698453862212741, "ys_std": 0.06070629653348076, "xs_std_err": 0.0010142426680536901, "ys_std_err": 0.001073252072232895, "xs_std_ci": [0.05504173364062477, 0.0590195016113517], "ys_std_ci": [0.0586137063937349, 0.06283490810683208], "obs_phi": 