{"xs_std": 0.32475991292333156, "ys_std": 0.18941756113122832, "xs_std_err": 0.005045858313937924, "ys_std_err": 0.0026500594060805413, "xs_std_ci": [0.31484441178408595, 0.33477836691080437], "ys_std_ci": [0.18429545227816976, 0.1946413719471442], "obs_phi": 