{"xs_std": 0.1647890452754292, "ys_std": 0.09564619551644248, "xs_std_err": 0.002445961879035737, "ys_std_err": 0.0012884206235888103, "xs_std_ci": [0.16013380402013264, 0.16971736219084638], "ys_std_ci": [0.09316239215243402, 0.0982137325357338], "obs_phi": 