{"xs_std": 0.32121107660714304, "ys_std": 0.18794102320408584, "xs_std_err": 0.004245849682211342, "ys_std_err": 0.0023064264276544196, "xs_std_ci": [0.31292534424688756, 0.3295863161385959], "ys_std_ci": [0.18341010243088773, 0.19249769487043075], "obs_phi": 