{"xs_std": 0.04282134932438581, "ys_std": 0.05075726589357885, "xs_std_err": 0.0006748358063022749, "ys_std_err": 0.0007613864059274281, "xs_std_ci": [0.0415408213084183, 0.04419405798601423], "ys_std_ci": [0.04928243235119161, 0.05228720396303582], "obs_phi": 