{"xs_std": 0.15327492508874357, "ys_std": 0.08772070060783049, "xs_std_err": 0.0020283102552882616, "ys_std_err": 0.0010923310734200166, "xs_std_ci": [0.1493856201218389, 0.1572896556467958], "ys_std_ci": [0.08558705550501951, 0.08985670896263515], "obs_phi": 