{"xs_std": 0.3024293787136497, "ys_std": 0.2486925208946443, "xs_std_err": 0.0043861561432495914, "ys_std_err": 0.003606726659238609, "xs_std_ci": [0.2940840199154799, 0.3110383861061001], "ys_std_ci": [0.24185326276315372, 0.2559206638273049], "obs_phi": 