{"xs_std": 0.1412231413248252, "ys_std": 0.1386406147880124, "xs_std_err": 0.0016987432985487297, "ys_std_err": 0.0016508060218893275, "xs_std_ci": [0.13791554513066648, 0.14454655953085024], "ys_std_ci": [0.13542160437264594, 0.14193206624744553], "obs_phi": 