{"xs_std": 0.06555531928977221, "ys_std": 0.03895407383836964, "xs_std_err": 0.001081247463806542, "ys_std_err": 0.0006414333191873906, "xs_std_ci": [0.06348006126342244, 0.06767854187854741], "ys_std_ci": [0.037729847934291905, 0.040248886144623054], "obs_phi": 