{"xs_std": 0.3009565541511297, "ys_std": 0.23773061961642467, "xs_std_err": 0.003697507281277995, "ys_std_err": 0.002936494541947126, "xs_std_ci": [0.29367601244413094, 0.30836471295374146], "ys_std_ci": [0.23202938884641777, 0.2435123819094114], "obs_phi": 