{"xs_std": 0.1509169054191706, "ys_std": 0.09111502489935024, "xs_std_err": 0.0018912969517966166, "ys_std_err": 0.0011662215312830612, "xs_std_ci": [0.14728693508475266, 0.1547313837425156], "ys_std_ci": [0.08881124027562992, 0.09338150060943944], "obs_phi": 