{"xs_std": 0.23094140492071458, "ys_std": 0.1331599075375799, "xs_std_err": 0.0024750930475281583, "ys_std_err": 0.0013120923488941156, "xs_std_ci": [0.22610601037411998, 0.23587371526061127], "ys_std_ci": [0.13058010385132526, 0.13573033206900742], "obs_phi": 