{"xs_std": 0.07984023123655738, "ys_std": 0.02233728509398768, "xs_std_err": 0.0013144262730951579, "ys_std_err": 0.00035706305208211154, "xs_std_ci": [0.07732233905542996, 0.08246986853320583], "ys_std_ci": [0.02165424772925553, 0.02306044244185548], "obs_phi": 