{"xs_std": 0.3190588899069187, "ys_std": 0.19960793630364967, "xs_std_err": 0.004289731061629803, "ys_std_err": 0.002851513357753211, "xs_std_ci": [0.31064032390936924, 0.32750534168690654], "ys_std_ci": [0.19410251051857463, 0.20535705149235542], "obs_phi": 