{"xs_std": 0.060333211150856166, "ys_std": 0.04184205420600014, "xs_std_err": 0.0008833423733806486, "ys_std_err": 0.0006477334229694374, "xs_std_ci": [0.05860606941373121, 0.06202681011076222], "ys_std_ci": [0.04060195444577972, 0.04312546493530024], "obs_phi": 