{"xs_std": 0.223737298958048, "ys_std": 0.12779018017000898, "xs_std_err": 0.002243913555590298, "ys_std_err": 0.001237083106860562, "xs_std_ci": [0.21939954168471715, 0.22812385769491628], "ys_std_ci": [0.1253912344211721, 0.1302741682141973], "obs_phi": 