{"xs_std": 0.2234905303136244, "ys_std": 0.13003867542474368, "xs_std_err": 0.002312781483091014, "ys_std_err": 0.0012807517193482046, "xs_std_ci": [0.21885740278305404, 0.2279523797659197], "ys_std_ci": [0.127548288138095, 0.13257005175263828], "obs_phi": 