{"xs_std": 0.2282287393942815, "ys_std": 0.13327000950252318, "xs_std_err": 0.0023969603145314604, "ys_std_err": 0.0013037779193379867, "xs_std_ci": [0.2235173698895076, 0.23304384624341698], "ys_std_ci": [0.13073827360479598, 0.13580171138979358], "obs_phi": 