{"xs_std": 0.2894269055521654, "ys_std": 0.04304386263292444, "xs_std_err": 0.002983586781368858, "ys_std_err": 0.00044519535410981483, "xs_std_ci": [0.2835687246444822, 0.2952569436737009], "ys_std_ci": [0.04216398815564733, 0.043915752429632325], "obs_phi": 