{"xs_std": 0.2964643808442755, "ys_std": 0.28936091853005386, "xs_std_err": 0.004002288044268682, "ys_std_err": 0.0039038303555805464, "xs_std_ci": [0.2886435230507478, 0.3043205199652841], "ys_std_ci": [0.281878528883621, 0.2971034903850061], "obs_phi": 