{"xs_std": 0.2895798673406377, "ys_std": 0.2766271128332562, "xs_std_err": 0.003641759016930141, "ys_std_err": 0.0034051465746709913, "xs_std_ci": [0.2824980793047184, 0.29676854935195907], "ys_std_ci": [0.2698875133347501, 0.28324097842509055], "obs_phi": 