{"xs_std": 0.056831591878618797, "ys_std": 0.04784967527588555, "xs_std_err": 0.0008674181224898377, "ys_std_err": 0.0007287250058955523, "xs_std_ci": [0.05515583193128432, 0.058528618239345125], "ys_std_ci": [0.04643117007329041, 0.04931457236450678], "obs_phi": 