{"xs_std": 0.13824476461361535, "ys_std": 0.13694708671587613, "xs_std_err": 0.001742820464113363, "ys_std_err": 0.001740445405546969, "xs_std_ci": [0.13484101189570444, 0.14163333157499855], "ys_std_ci": [0.1335792879755814, 0.14034051690867672], "obs_phi": 