{"xs_std": 0.06970671046877346, "ys_std": 0.03908035540601925, "xs_std_err": 0.001191492107674172, "ys_std_err": 0.0005507052721594115, "xs_std_ci": [0.06741702888005685, 0.07209898025426506], "ys_std_ci": [0.038019129234975385, 0.04016607672776261], "obs_phi": 