{"xs_std": 0.15946422582453315, "ys_std": 0.09645641268117743, "xs_std_err": 0.0027968394982194416, "ys_std_err": 0.001476544219039455, "xs_std_ci": [0.15411810963870332, 0.16504459703904115], "ys_std_ci": [0.0936899651119828, 0.09943731083403987], "obs_phi": 