{"xs_std": 0.1431220336366216, "ys_std": 0.13969351692637144, "xs_std_err": 0.001853992068477324, "ys_std_err": 0.0018201983595414798, "xs_std_ci": [0.1395151147253049, 0.14673974822883723], "ys_std_ci": [0.13615689751557034, 0.14330461721738635], "obs_phi": 