{"xs_std": 0.2865510236971413, "ys_std": 0.1177312493190806, "xs_std_err": 0.0030960941478535365, "ys_std_err": 0.0012560187639793585, "xs_std_ci": [0.2804111152239003, 0.29265177245445945], "ys_std_ci": [0.11527080097884546, 0.12021201448195155], "obs_phi": 