{"xs_std": 0.2220299510728905, "ys_std": 0.20129117953931883, "xs_std_err": 0.0022858615718666236, "ys_std_err": 0.0020788626699684335, "xs_std_ci": [0.21752376691983624, 0.22656928412143698], "ys_std_ci": [0.19724294221095584, 0.20551683301864893], "obs_phi": 