{"xs_std": 0.28528689053717665, "ys_std": 0.2848591796587097, "xs_std_err": 0.004538848242888993, "ys_std_err": 0.004535013840978456, "xs_std_ci": [0.27662242342814225, 0.2944448663575154], "ys_std_ci": [0.276025807850794, 0.294005464146185], "obs_phi": 