{"xs_std": 0.1445821013546708, "ys_std": 0.11687741698376708, "xs_std_err": 0.0018381492574683612, "ys_std_err": 0.0015128105732780217, "xs_std_ci": [0.14101286196200108, 0.14823384249424507], "ys_std_ci": [0.11393611929297924, 0.11985442867257183], "obs_phi": 