{"xs_std": 0.20604259114978332, "ys_std": 0.20534092990198938, "xs_std_err": 0.002091718055029647, "ys_std_err": 0.0020759255061444087, "xs_std_ci": [0.20188896831071051, 0.21009983443908192], "ys_std_ci": [0.20125230354581292, 0.20942875199653802], "obs_phi": 