{"xs_std": 0.20702439186462065, "ys_std": 0.036095943137655906, "xs_std_err": 0.0025061740582557543, "ys_std_err": 0.000424269692978204, "xs_std_ci": [0.20212610240514062, 0.21197492097004125], "ys_std_ci": [0.03526047596428353, 0.036929282502814784], "obs_phi": 