{"xs_std": 0.399942467926248, "ys_std": 0.399942467926248, "xs_std_err": 0.005167458716408313, "ys_std_err": 0.005108379324527261, "xs_std_ci": [0.3899895866306283, 0.41009282805241637], "ys_std_ci": [0.3898101930950458, 0.4100243206340473], "obs_phi": 