{"xs_std": 0.3672208889463896, "ys_std": 0.3672208889463896, "xs_std_err": 0.004783028308034632, "ys_std_err": 0.004756939315195171, "xs_std_ci": [0.3578855192913866, 0.3767355045980844], "ys_std_ci": [0.3579154214671646, 0.37646052093587257], "obs_phi": 