{"xs_std": 0.3450109254146406, "ys_std": 0.3450109254146407, "xs_std_err": 0.004607904748434253, "ys_std_err": 0.00466802882831056, "xs_std_ci": [0.3359831404756895, 0.35405310760696157], "ys_std_ci": [0.33576497474583833, 0.354278843544755], "obs_phi": 