{"xs_std": 0.23418968172895072, "ys_std": 0.23418968172895072, "xs_std_err": 0.00273165906082456, "ys_std_err": 0.0027143356626353954, "xs_std_ci": [0.22889234566029318, 0.23953125709338358], "ys_std_ci": [0.22898077745705492, 0.23958110266052868], "obs_phi": 