{"xs_std": 0.4093313171737355, "ys_std": 0.4093313171737355, "xs_std_err": 0.005391167701961395, "ys_std_err": 0.005505303193878433, "xs_std_ci": [0.3989273025115948, 0.4199070107439874], "ys_std_ci": [0.39861653336191394, 0.420401924573412], "obs_phi": 