{"xs_std": 0.18343894730520974, "ys_std": 0.18343894730520974, "xs_std_err": 0.0023782861584698725, "ys_std_err": 0.0023787933746710864, "xs_std_ci": [0.1787888968829714, 0.18808467432534934], "ys_std_ci": [0.17877768807046474, 0.18813417141895056], "obs_phi": 