{"xs_std": 0.3937083314631319, "ys_std": 0.39370833146313183, "xs_std_err": 0.004760493352092554, "ys_std_err": 0.004810142079975701, "xs_std_ci": [0.3843283328579647, 0.40303242442410697], "ys_std_ci": [0.38437659006510017, 0.4032291493240268], "obs_phi": 