{"xs_std": 0.23731565415831837, "ys_std": 0.23731565415831837, "xs_std_err": 0.002919581147315986, "ys_std_err": 0.0029144274680086304, "xs_std_ci": [0.231536818006768, 0.24297063384711468], "ys_std_ci": [0.2316676468021848, 0.24300701415770543], "obs_phi": 