{"xs_std": 0.33058057492192494, "ys_std": 0.33058057492192494, "xs_std_err": 0.0039819515090024, "ys_std_err": 0.0039339421021994695, "xs_std_ci": [0.3228766560888738, 0.3383075990528971], "ys_std_ci": [0.32270548556675904, 0.33814581372365154], "obs_phi": 