{"xs_std": 0.34642028885206316, "ys_std": 0.34642028885206316, "xs_std_err": 0.004327692608438611, "ys_std_err": 0.004307972254579172, "xs_std_ci": [0.33806507279334364, 0.35491181928815235], "ys_std_ci": [0.3380363252014979, 0.3549939284273474], "obs_phi": 