{"xs_std": 0.14803367276492316, "ys_std": 0.14803367276492319, "xs_std_err": 0.0026264554796739978, "ys_std_err": 0.002595322813721402, "xs_std_ci": [0.14288138272296377, 0.15321905739778735], "ys_std_ci": [0.14299220056211873, 0.1531250914885932], "obs_phi": 