{"xs_std": 0.2937317375533572, "ys_std": 0.2937317375533572, "xs_std_err": 0.004180497877483108, "ys_std_err": 0.004139805210384154, "xs_std_ci": [0.28553073899316594, 0.301916232922363], "ys_std_ci": [0.28565581461666484, 0.3018098650031587], "obs_phi": 