{"xs_std": 0.09906207143840431, "ys_std": 0.09906207143840431, "xs_std_err": 0.0015021774554834543, "ys_std_err": 0.0015092127403770106, "xs_std_ci": [0.09618028102326617, 0.10203873383793947], "ys_std_ci": [0.09613581797261792, 0.10206741793673581], "obs_phi": 