{"xs_std": 0.2867957645197582, "ys_std": 0.2867957645197582, "xs_std_err": 0.0034015030070075197, "ys_std_err": 0.0034283162391061787, "xs_std_ci": [0.2802197214939876, 0.2934874990863996], "ys_std_ci": [0.2800557456578523, 0.29352769807976015], "obs_phi": 