{"xs_std": 0.3972008080283275, "ys_std": 0.3972008080283276, "xs_std_err": 0.005331799545753377, "ys_std_err": 0.005298592868490384, "xs_std_ci": [0.3868999501890111, 0.40774713340221724], "ys_std_ci": [0.38694622600221346, 0.40767222481615023], "obs_phi": 