{"xs_std": 0.06814247448685054, "ys_std": 0.06814247448685054, "xs_std_err": 0.0007963110815032902, "ys_std_err": 0.0008127535450556613, "xs_std_ci": [0.06659604130128273, 0.06968673420916129], "ys_std_ci": [0.0665262865012581, 0.0697278391879429], "obs_phi": 