{"xs_std": 0.08266061356106522, "ys_std": 0.04728932130328677, "xs_std_err": 0.001200035792737838, "ys_std_err": 0.0006096573731949621, "xs_std_ci": [0.0803190846538742, 0.08507334677406257], "ys_std_ci": [0.04611594738578315, 0.04850949158270432], "obs_phi": 