{"xs_std": 0.02334615285590751, "ys_std": 0.01359631411355818, "xs_std_err": 0.0003125141426077437, "ys_std_err": 0.00016744661244162104, "xs_std_ci": [0.022754141685442868, 0.02397223782914822], "ys_std_ci": [0.013274458995759, 0.013931782120779836], "obs_phi": 