{"xs_std": 0.06769653129011155, "ys_std": 0.04137494826596345, "xs_std_err": 0.0008195592571744805, "ys_std_err": 0.0005823353900683217, "xs_std_ci": [0.06610691233230019, 0.06932006446254549], "ys_std_ci": [0.04024564729057497, 0.04251562954545069], "obs_phi": 