{"xs_std": 0.19030325766787481, "ys_std": 0.11299049568699596, "xs_std_err": 0.0024421683292533696, "ys_std_err": 0.0015608365116662206, "xs_std_ci": [0.1855306364339952, 0.19515207242565621], "ys_std_ci": [0.10999826463372628, 0.11608059773618824], "obs_phi": 