{"xs_std": 0.20401185147154113, "ys_std": 0.12464911822406236, "xs_std_err": 0.0023169092385727217, "ys_std_err": 0.0015074579837900043, "xs_std_ci": [0.1995347949803064, 0.20869720588270613], "ys_std_ci": [0.12166934258373024, 0.12758591230762048], "obs_phi": 