{"xs_std": 0.13271057207301926, "ys_std": 0.07775936479225741, "xs_std_err": 0.0018585837888314906, "ys_std_err": 0.0009994602940853578, "xs_std_ci": [0.12906346643627303, 0.1363643860995465], "ys_std_ci": [0.07576621277873542, 0.07973980528289441], "obs_phi": 