{"xs_std": 0.21444869294901697, "ys_std": 0.12396834868811867, "xs_std_err": 0.003089841030101256, "ys_std_err": 0.0020330500798596877, "xs_std_ci": [0.2084493952462547, 0.2205603065915408], "ys_std_ci": [0.12016445324077885, 0.12810642710543682], "obs_phi": 