{"xs_std": 0.23291803659738913, "ys_std": 0.13792715524768712, "xs_std_err": 0.003080139490007978, "ys_std_err": 0.0017083809303946411, "xs_std_ci": [0.22689800113448227, 0.23904303517002112], "ys_std_ci": [0.13457286058092754, 0.14119878839976915], "obs_phi": 