{"xs_std": 0.03705548950664796, "ys_std": 0.021619186363095982, "xs_std_err": 0.0004993414324623634, "ys_std_err": 0.0002876204985116645, "xs_std_ci": [0.03608831904653076, 0.038043821615566555], "ys_std_ci": [0.021050262049656977, 0.022186289102578045], "obs_phi": 