{"xs_std": 0.04784931328455482, "ys_std": 0.027010642720482845, "xs_std_err": 0.0007487395771888372, "ys_std_err": 0.000340139578797547, "xs_std_ci": [0.04637026065091745, 0.04933586946519908], "ys_std_ci": [0.0263620777386748, 0.027695335019280926], "obs_phi": 