{"xs_std": 0.1823958907875637, "ys_std": 0.10584768047695768, "xs_std_err": 0.002324111505256124, "ys_std_err": 0.0013344540505024882, "xs_std_ci": [0.17787944239854422, 0.18699515915358056], "ys_std_ci": [0.10323996440164705, 0.1084638858184749], "obs_phi": 