{"xs_std": 0.1555053978708665, "ys_std": 0.09232615173872172, "xs_std_err": 0.0022430505515176045, "ys_std_err": 0.0012260297530813028, "xs_std_ci": [0.15118096706908865, 0.15988088871856984], "ys_std_ci": [0.08993727579066832, 0.0947629190361409], "obs_phi": 