{"xs_std": 0.17958973128277608, "ys_std": 0.10154846664784654, "xs_std_err": 0.003351888575145667, "ys_std_err": 0.0015766956930153234, "xs_std_ci": [0.17331831417589763, 0.1863763836625263], "ys_std_ci": [0.09856555510262352, 0.10473827298414996], "obs_phi": 