{"xs_std": 0.012198545379666343, "ys_std": 0.007247262236653115, "xs_std_err": 0.00015953758522431846, "ys_std_err": 0.00013039792756253205, "xs_std_ci": [0.011886294408672168, 0.012515258656987247], "ys_std_ci": [0.007005862648941461, 0.007515404315944133], "obs_phi": 