{"xs_std": 0.05986367951656738, "ys_std": 0.03334912985332451, "xs_std_err": 0.0008621390740924309, "ys_std_err": 0.00042800603830355345, "xs_std_ci": [0.05821021028254989, 0.061574261590758454], "ys_std_ci": [0.032514783680727556, 0.03419287343230026], "obs_phi": 