{"xs_std": 0.09856816120352553, "ys_std": 0.05612747619627685, "xs_std_err": 0.0014053717365523962, "ys_std_err": 0.0007457245957364123, "xs_std_ci": [0.09586945575153571, 0.10138451104684515], "ys_std_ci": [0.05468705594745342, 0.05759112681501975], "obs_phi": 