{"xs_std": 0.1181177779297955, "ys_std": 0.06857364573196233, "xs_std_err": 0.0015186317426550112, "ys_std_err": 0.0009428622505880093, "xs_std_ci": [0.11508517679398678, 0.12107935573063043], "ys_std_ci": [0.06674792194790043, 0.07047900144302716], "obs_phi": 