{"xs_std": 0.14786901538327613, "ys_std": 0.08361069171569895, "xs_std_err": 0.001908374037535655, "ys_std_err": 0.0009925353273880077, "xs_std_ci": [0.1440987904520578, 0.15160057315083664], "ys_std_ci": [0.08168617921659803, 0.08557504161203665], "obs_phi": 