{"xs_std": 0.10585702838072153, "ys_std": 0.061597269790979806, "xs_std_err": 0.0014101491063386175, "ys_std_err": 0.0008492963532079114, "xs_std_ci": [0.10308671323783747, 0.10861968584946945], "ys_std_ci": [0.05996822268424243, 0.06326814720327348], "obs_phi": 