{"xs_std": 0.11226265756349477, "ys_std": 0.11226265756349477, "xs_std_err": 0.0014953696532515445, "ys_std_err": 0.001483551408586553, "xs_std_ci": [0.109391021578131, 0.11524520949514974], "ys_std_ci": [0.10940782535368128, 0.11521871678141679], "obs_phi": 