{"xs_std": 0.10769762460743168, "ys_std": 0.10769762460743168, "xs_std_err": 0.0014855456820941399, "ys_std_err": 0.0014912437484565085, "xs_std_ci": [0.1047738480689786, 0.11057254910144149], "ys_std_ci": [0.1048112252464948, 0.11063863552749952], "obs_phi": 