{"xs_std": 0.15804928712068972, "ys_std": 0.15804928712068972, "xs_std_err": 0.0021150799650255423, "ys_std_err": 0.0021280571325723923, "xs_std_ci": [0.15402519713271148, 0.16232703068705007], "ys_std_ci": [0.15390355412017745, 0.16227140773405918], "obs_phi": 