{"xs_std": 0.39213192276081704, "ys_std": 0.0901908616560522, "xs_std_err": 0.005089347823438939, "ys_std_err": 0.0012206755190148795, "xs_std_ci": [0.38239558882486596, 0.40255627956709333], "ys_std_ci": [0.08788453540767999, 0.09265124810272118], "obs_phi": 