{"xs_std": 0.4021015287004806, "ys_std": 0.06767886322581633, "xs_std_err": 0.005360884224318705, "ys_std_err": 0.0009504732592531747, "xs_std_ci": [0.3916908752066888, 0.41257496706688424], "ys_std_ci": [0.06587732921242122, 0.06959223529305573], "obs_phi": 