{"xs_std": 0.06723616449187347, "ys_std": 0.06723616449187347, "xs_std_err": 0.0009214240835743415, "ys_std_err": 0.0009063149687482745, "xs_std_ci": [0.0654603238958493, 0.06904423960257079], "ys_std_ci": [0.06549771409290574, 0.06902807661933487], "obs_phi": 