{"xs_std": 0.26529405384397003, "ys_std": 0.29902041998792595, "xs_std_err": 0.0033520899310514754, "ys_std_err": 0.003478241663508395, "xs_std_ci": [0.25879715842488943, 0.27177299690035706], "ys_std_ci": [0.2922105705296065, 0.3058943133004849], "obs_phi": 