{"xs_std": 0.05053641631446682, "ys_std": 0.05053641631446682, "xs_std_err": 0.0005961096848884658, "ys_std_err": 0.000589406068994777, "xs_std_ci": [0.04936124002503828, 0.05169881489013293], "ys_std_ci": [0.049386891920083636, 0.051690609874932694], "obs_phi": 