{"xs_std": 0.19266760488246268, "ys_std": 0.2877708142359711, "xs_std_err": 0.0027849149699104682, "ys_std_err": 0.0038061157907168844, "xs_std_ci": [0.18716880267185068, 0.19807442672147374], "ys_std_ci": [0.2805022936613018, 0.2953915020482161], "obs_phi": 