{"xs_std": 0.021785483816035962, "ys_std": 0.021785483816035962, "xs_std_err": 0.00026922179744863283, "ys_std_err": 0.0002705821998293383, "xs_std_ci": [0.021253293326913534, 0.02231149450927888], "ys_std_ci": [0.02126149295441612, 0.022316469662454187], "obs_phi": 