{"xs_std": 0.14854885910675011, "ys_std": 0.1485488591067501, "xs_std_err": 0.0017491112348971356, "ys_std_err": 0.0017230976489247293, "xs_std_ci": [0.14512293563950301, 0.15203166473493507], "ys_std_ci": [0.14508727202135, 0.15195775118728608], "obs_phi": 