{"xs_std": 0.24598706559797798, "ys_std": 0.31839571024848834, "xs_std_err": 0.004681972720367955, "ys_std_err": 0.0048527590379377865, "xs_std_ci": [0.2371074040290394, 0.25535108887223384], "ys_std_ci": [0.3091628945461188, 0.32818262958979433], "obs_phi": 