{"xs_std": 0.33305610724945195, "ys_std": 0.25300905446759553, "xs_std_err": 0.004976600265600745, "ys_std_err": 0.003375022276516116, "xs_std_ci": [0.3234825167748012, 0.34301588698762653], "ys_std_ci": [0.24640200097308837, 0.2595853988095464], "obs_phi": 