{"xs_std": 0.39407195013093504, "ys_std": 0.13256468176160344, "xs_std_err": 0.0047003208965318705, "ys_std_err": 0.0016099209304418262, "xs_std_ci": [0.38487731342295795, 0.40326913512143525], "ys_std_ci": [0.12945524859960594, 0.13579625844294393], "obs_phi": 