{"xs_std": 0.08687517530894048, "ys_std": 0.08687517530894048, "xs_std_err": 0.0012503054519974394, "ys_std_err": 0.0012797635474088669, "xs_std_ci": [0.08447261595182412, 0.08936284374799906], "ys_std_ci": [0.08438974874993482, 0.08939677227164257], "obs_phi": 