{"xs_std": 0.07254656098139618, "ys_std": 0.21301025706276608, "xs_std_err": 0.0009423068540468147, "ys_std_err": 0.002481255667470594, "xs_std_ci": [0.07068385546494403, 0.07438214347888619], "ys_std_ci": [0.20813424857403848, 0.2178580582620034], "obs_phi": 