{"xs_std": 0.13029045016815036, "ys_std": 0.13029045016815036, "xs_std_err": 0.0017135926354206945, "ys_std_err": 0.0016927911550268955, "xs_std_ci": [0.12687928959646122, 0.1336305896107197], "ys_std_ci": [0.1268839054270912, 0.13361903289743016], "obs_phi": 