{"xs_std": 0.34769874005817986, "ys_std": 0.20832879967289802, "xs_std_err": 0.004556647735583234, "ys_std_err": 0.002357328546849662, "xs_std_ci": [0.33876574538951537, 0.3565988563100494], "ys_std_ci": [0.20369650935970335, 0.21290597922699364], "obs_phi": 