{"xs_std": 0.1577400366066744, "ys_std": 0.29024446909186163, "xs_std_err": 0.002009114950781424, "ys_std_err": 0.0040540222881829706, "xs_std_ci": [0.1538016114456593, 0.1616636359867052], "ys_std_ci": [0.2824047658518943, 0.29830486897028907], "obs_phi": 