{"xs_std": 0.29725822286774845, "ys_std": 0.2708112665997978, "xs_std_err": 0.0041184941531554305, "ys_std_err": 0.0033147488350377097, "xs_std_ci": [0.28933896897365413, 0.3053168769244885], "ys_std_ci": [0.2643441708172314, 0.2773568065972745], "obs_phi": 