{"xs_std": 0.1853821832059506, "ys_std": 0.1853821832059506, "xs_std_err": 0.0024613361841897856, "ys_std_err": 0.0024596912560152433, "xs_std_ci": [0.1806677726146746, 0.19021568383169993], "ys_std_ci": [0.1806362618725523, 0.1903348383241264], "obs_phi": 