{"xs_std": 0.13135888097524903, "ys_std": 0.2719513000907336, "xs_std_err": 0.0017989916402468106, "ys_std_err": 0.003443856691024927, "xs_std_ci": [0.1278672395062231, 0.13484970312382338], "ys_std_ci": [0.2652129743863601, 0.27880232085442225], "obs_phi": 