{"xs_std": 0.09875661218449026, "ys_std": 0.09875661218449024, "xs_std_err": 0.001167032507040138, "ys_std_err": 0.0011717173440178186, "xs_std_ci": [0.09650484430172829, 0.10106567510585829], "ys_std_ci": [0.09649342329235792, 0.10106969530092888], "obs_phi": 