{"xs_std": 0.16716860146891435, "ys_std": 0.16716860146891435, "xs_std_err": 0.002335528283525245, "ys_std_err": 0.002310751248037188, "xs_std_ci": [0.16255269040994222, 0.17182603986274156], "ys_std_ci": [0.16275032155019797, 0.1717712897752339], "obs_phi": 