{"xs_std": 0.07215379735336443, "ys_std": 0.07215379735336443, "xs_std_err": 0.0009418604205914847, "ys_std_err": 0.0009375480218009473, "xs_std_ci": [0.070315229422092, 0.07400851708417644], "ys_std_ci": [0.07031085552739308, 0.0740484097641284], "obs_phi": 