{"xs_std": 0.3880772673765198, "ys_std": 0.17807295747111512, "xs_std_err": 0.005075717352058952, "ys_std_err": 0.002264625869181445, "xs_std_ci": [0.3781257009977037, 0.3978891467180028], "ys_std_ci": [0.1736286338048818, 0.18257077207519526], "obs_phi": 