{"xs_std": 0.21397768631862493, "ys_std": 0.21397768631862493, "xs_std_err": 0.0033393095014083566, "ys_std_err": 0.0033840976299947577, "xs_std_ci": [0.20767466754937694, 0.22066543275696926], "ys_std_ci": [0.20744082538133726, 0.22064149225457066], "obs_phi": 