{"xs_std": 0.17673795167996692, "ys_std": 0.17673795167996692, "xs_std_err": 0.0022335767648963257, "ys_std_err": 0.0022067839118956973, "xs_std_ci": [0.17229789509880378, 0.18113000449981115], "ys_std_ci": [0.17237814942191046, 0.18109608441345917], "obs_phi": 