{"xs_std": 0.032208148150269685, "ys_std": 0.032208148150269685, "xs_std_err": 0.00045279260668417966, "ys_std_err": 0.00044496967839404225, "xs_std_ci": [0.031330628777179986, 0.033114884508263775], "ys_std_ci": [0.031334181065719245, 0.03308082345344162], "obs_phi": 