{"xs_std": 0.04166735365815564, "ys_std": 0.04166735365815564, "xs_std_err": 0.0005235949405752829, "ys_std_err": 0.0005256733207096218, "xs_std_ci": [0.04063333045101484, 0.042674414631530114], "ys_std_ci": [0.04066507367169592, 0.04268868018483562], "obs_phi": 