{"xs_std": 0.05115324807235796, "ys_std": 0.17239900173491268, "xs_std_err": 0.0007148523828340976, "ys_std_err": 0.0020434895949941983, "xs_std_ci": [0.049752013210563835, 0.05255714154595989], "ys_std_ci": [0.16850325456599238, 0.1764735998364], "obs_phi": 