{"xs_std": 0.009840554012829163, "ys_std": 0.009840554012829163, "xs_std_err": 0.00011886544312027116, "ys_std_err": 0.00011685990655052366, "xs_std_ci": [0.009607844152937825, 0.01007425782341125], "ys_std_ci": [0.009613848935007732, 0.01007019370119994], "obs_phi": 