{"xs_std": 0.03376950813104648, "ys_std": 0.14725331071577555, "xs_std_err": 0.000518545644391149, "ys_std_err": 0.002002020877812059, "xs_std_ci": [0.03272109307124135, 0.03476487800565765], "ys_std_ci": [0.14344829612656518, 0.15125287273070037], "obs_phi": 