{"xs_std": 0.1333570603227083, "ys_std": 0.1333570603227083, "xs_std_err": 0.001610650472120927, "ys_std_err": 0.0016219587714369167, "xs_std_ci": [0.13019575451261123, 0.1364679628174791], "ys_std_ci": [0.13019232426788774, 0.13654674476298997], "obs_phi": 