{"xs_std": 0.1037916070731819, "ys_std": 0.25587851090009417, "xs_std_err": 0.0014345815618374994, "ys_std_err": 0.0030191548495897406, "xs_std_ci": [0.10100776546629686, 0.10665776426765504], "ys_std_ci": [0.24994048782712855, 0.26190929788607625], "obs_phi": 